{
  "description":"Hypersearch job parameters schema",
  "type":"object",
  "additionalProperties":false,
  "properties":{
    
    "persistentJobGUID":{
      "type":"string",
      "description":"Persistent, globally-unique identifier for this job for use in constructing persistent model checkpoint keys. MUST be compatible with S3 key-naming rules, but MUST NOT contain forward slashes.",
      "required":true
    },
    
    "permutationsPyFilename":{
      "type":"string",
      "description":"Path to permutations.py file",
      "required":false
    },
    
    "permutationsPyContents":{
      "type":"string",
      "description":"JSON encoded string with contents of permutations.py file",
      "required":false
    },
    
    "descriptionPyContents":{
      "type":"string",
      "description":"JSON encoded string with contents of permutations.py file",
      "required":false
    },
    
    "description":{
      "type":"object",
      "description":"JSON description of search. For information about these parameters, refer to nupic.frameworks.opf.expGenerator.experimentDescriptionSchema.json",
      "required":false
    },
    
    "createCheckpoints":{
      "type":"boolean",
      "description":"True to create checkpoints of best models. ",
      "required":false
    },
    
    "predictionCacheMaxRecords":{
      "type":["integer", null],
      "minimum":1,
      "description":"Maximum number of records in Prediction Output Cache. If this is not specified, system will default to use the value in configuration property, nupic.cluster.database.predictioncache.defaultMaxRecords, specified in the Nupic configuration file, npic-default.xml",
      "required":false
    },
    
    "useLPF":{
      "type":"boolean",
      "description":"[deprecated] True if LPF (batch framework) is being used",
      "default": false,
      "required":false
    },
    
    "useTerminators":{
      "type":"boolean",
      "description":"Enable/Disable the following optimizations: 1) Model early termination 2) Model maturity 3) Swarm early termination",
      "required":false
    },
    
    "deterministicMode":{
      "type":"boolean",
      "description":"Enable/Disable deterministic mode. In deterministic mode, Hypersearch will return the exact same result after every run, at the expense of speed  NOTE: This only applies to HSv1",
      "required":false
    },
    
    "hsVersion":{
      "type":"string",
      "enum":["v1","v2"],
      "default":"v1",
      "description":"Either one of 'v1' or 'v2'",
      "required":false
    },
    
    "maxModels":{
      "type":["number", null],
      "minimum":1,
      "description":"max # of models to generate",
      "required":false      
    },
    
    "dummyModel":{
      "type":"object",
      "description":"A dict of parameters for a dummy model. If this key is absent, a real model is trained. See ModelRunner.py/OPFDummyModelRunner for the schema of the dummy parameters",
      "required":false
    },
    
    "speculativeParticles":{
      "type":"boolean",
      "description":"If true (not 0), hypersearch workers will go ahead and create and run particles in subsequent sprints before the current sprint has been completed. If false, a worker will wait in a sleep loop until the current generation or sprint has finished before choosing the next particle position or going into the next sprint. When true, the best model can be found faster, but results are less repeatable due to the randomness of when each worker completes each particle.",
      "required":false
    },

    "webhook":{
      "type":"string",
      "description":"Optional URL to be called when there are changes to the job status.",
      "default":null,
      "required":false
    }
  }
}
