{
  "description":"Nupic Control schema describes how to run the experiment in the Nupic environment.",
  "type":"object",
  "additionalProperties":false,
  "properties":{
    
    "environment":{
      "description":"Describes the context in which the model is being run",
      "required":true,
      "type":"string",
      "pattern":"nupic"
    },
    "dataset":{
      "description":"Input dataset specification per py/nupic/frameworks/opf/jsonschema/stream_def.json",
      "required":true,
      "type":"object"
    },
    
    "iterationCount":{
      "description":"An optional limit on the number of iterations a model performs",
      "required":false,
      "type":"number",
      "default":-1
    },
    
    "iterationCountInferOnly":{
      "description":"Optional. If specified, the last iterationCountInferOnly iterations will be done with learning off",
      "required":false,
      "type":"number",
      "default":-1
    },
    
    "inferenceArgs":{
      "description":"A dictionary with supplemental arguments required for inference",
      "required":false,
      "type":["object", "null"],
      "additionalProperties":true
    },
    "loggedMetrics":{
      "description": "Sequence of regular expressions specifying which metrics should be logged along with predictions",
      "required":false,
      "type":"array",
      "uniqueItems":true,
      "minItems":0,
      "items":{"type":"string"}
    },
    
    "metrics":{
      "description": "Sequence of regular expressions specifying which metrics should be logged along with predictions",
      "required":false,
      "type":"array"
    }
    
  }
}
