f0, f1
string, string
, 
H, F
T, R
X, C
K, A
F, N
A, F
Q, O
F, P
V, A
U, S
I, E
Y, I
C, C
W, P
U, S
N, Z
J, O
V, Q
W, P
S, B
F, H
C, G
C, H
Q, J
J, F
G, Y
Q, P
E, S
E, J
Z, Q
O, R
V, U
F, A
I, G
F, Y
W, I
R, K
X, L
G, G
O, G
P, X
K, F
Z, N
C, B
C, Q
U, K
B, J
Z, N
Z, W
A, S
R, N
G, Q
C, L
L, Y
W, G
N, E
X, W
H, Q
P, D
T, O
U, N
A, I
A, Y
W, V
H, B
W, Y
C, M
B, T
T, D
M, O
G, W
L, F
O, S
F, I
Z, Q
L, N
D, F
I, P
F, F
B, Q
F, X
W, B
G, R
F, D
Y, O
M, U
U, E
C, L
L, M
S, R
Z, C
K, I
W, G
E, L
K, H
G, Y
L, W
O, B
Z, V
Z, Y
W, E
M, F
K, B
J, Z
G, U
L, K
Y, Z
O, S
E, H
Z, P
O, T
B, P
N, W
E, Y
C, E
P, R
G, D
X, G
P, Q
K, P
N, Y
F, S
G, K
R, H
I, T
B, L
Z, Z
B, F
G, Y
W, W
J, E
V, S
P, Z
R, A
V, H
R, Y
D, D
C, O
H, P
S, F
Q, G
M, X
V, C
L, H
A, U
Q, G
T, O
L, A
B, W
X, O
V, P
D, D
I, X
U, W
X, F
G, C
U, W
K, Q
E, Y
W, Z
V, W
A, T
I, Y
U, W
V, G
U, C
W, W
F, V
L, H
U, F
A, F
I, W
Z, H
Q, K
Z, N
Y, C
Z, E
Z, G
C, L
S, I
P, N
K, O
G, S
A, Y
N, S
T, R
J, B
R, I
I, W
S, H
I, K
K, H
D, K
Y, R
X, Q
H, O
A, H
L, P
R, M
L, F
M, X
U, E
C, N
Q, I
V, T
R, F
F, A
G, M
W, B
K, Q
F, S
M, G
R, A
T, U
C, L
E, Y
N, B
G, W
L, U
R, Z
P, Y
X, P
S, N
V, O
X, T
M, G
G, Q
T, N
Q, H
C, H
H, I
O, D
G, S
S, B
K, O
K, F
K, X
P, S
W, T
J, A
J, T
W, Y
K, T
O, P
F, F
L, A
I, R
K, E
M, D
Q, A
K, O
A, Q
D, M
B, J
F, I
T, J
T, V
G, C
A, O
Z, J
Q, U
Q, T
Y, F
A, D
D, R
O, F
S, T
E, P
T, C
V, Z
C, A
I, R
Y, K
S, B
R, Q
C, U
W, P
D, Z
U, J
L, J
N, I
W, V
C, Y
Q, V
S, L
T, Z
H, V
N, M
L, T
G, W
V, C
W, G
M, P
J, A
W, E
F, U
I, W
S, H
A, Y
C, S
M, T
R, Q
M, U
C, F
R, H
P, M
N, L
T, I
S, H
G, D
F, D
N, T
E, F
M, S
Z, N
H, C
F, F
E, A
N, H
Z, O
S, D
W, M
W, O
M, L
E, B
Y, M
V, K
B, Q
B, D
O, H
Z, D
T, P
U, F
N, L
L, W
Z, H
Q, P
T, Y
F, F
R, E
E, B
A, L
P, H
G, S
S, L
R, Y
U, Q
R, Y
L, O
Q, X
V, B
E, H
T, O
H, D
R, S
Y, N
M, C
B, L
I, G
C, Z
V, O
Y, Z
R, H
B, T
M, Q
X, E
P, Q
M, C
J, I
R, W
I, S
H, Y
V, O
L, I
I, Z
K, N
Z, R
O, K
E, J
T, Q
T, F
O, Y
L, S
D, Z
P, G
E, O
O, C
Z, X
L, D
V, M
S, N
H, V
Z, G
O, J
X, N
W, W
H, U
K, Y
N, V
H, H
P, Z
M, D
O, I
O, O
L, I
E, S
O, G
U, B
T, S
V, K
R, V
Z, M
A, N
P, W
W, L
N, L
S, K
R, E
M, Z
I, S
Q, W
W, W
J, I
S, T
W, A
B, Q
X, Z
T, L
C, Q
W, L
S, X
B, U
H, J
D, N
O, U
E, C
W, Q
G, X
D, L
G, G
A, U
X, R
E, L
I, P
Q, L
G, V
F, K
M, G
O, O
Z, H
Z, R
H, O
R, T
B, P
M, X
H, U
P, J
Q, Q
R, S
R, V
Q, X
Q, I
L, P
T, C
H, T
E, D
O, Z
N, X
V, G
V, M
U, T
I, C
Z, D
Z, W
S, Z
Z, U
J, U
A, N
L, R
R, P
V, Y
C, G
A, W
O, X
F, B
V, X
H, K
D, Y
H, M
C, X
D, L
R, T
Y, K
T, E
K, C
M, K
Y, A
J, L
Y, W
C, R
O, Z
J, K
E, D
W, L
R, Q
P, A
U, G
D, O
B, T
F, F
W, I
D, X
A, W
D, D
G, E
R, A
A, U
G, I
E, B
T, N
T, M
U, N
C, N
Y, B
U, W
N, L
Z, B
M, K
R, M
X, B
C, P
B, H
Q, O
I, Z
N, L
P, C
S, W
Q, T
S, F
L, F
I, L
K, C
L, R
J, D
X, B
V, C
C, T
V, O
P, O
I, D
J, R
T, W
S, Z
P, J
P, F
R, F
C, V
J, T
O, U
V, Z
V, P
Q, A
Y, V
G, E
S, I
I, A
W, O
K, D
Q, A
T, F
K, I
J, S
U, O
C, B
E, Q
R, H
R, M
L, H
T, C
L, H
R, M
R, B
K, P
A, H
F, D
G, I
A, T
E, J
S, N
V, U
B, W
B, A
X, W
O, O
S, K
C, A
I, U
Q, V
X, C
V, G
P, N
K, I
I, I
E, N
C, N
X, J
S, V
V, G
D, F
P, T
R, E
U, M
T, T
L, Y
O, Q
Q, W
Q, D
B, L
H, H
B, N
I, L
B, V
B, W
W, P
N, M
O, U
X, L
V, Q
I, M
D, B
C, X
I, S
N, E
G, L
L, N
E, J
H, K
I, P
U, Q
B, C
R, H
S, R
X, W
I, P
D, J
Z, S
K, P
Y, I
J, U
V, R
V, T
R, N
Q, L
J, J
E, F
Y, M
F, D
C, V
C, U
V, W
A, I
T, D
J, E
V, U
V, E
L, K
R, G
L, H
T, L
N, I
V, M
V, J
Y, Z
M, H
J, N
Z, V
U, D
G, Q
W, O
C, V
W, H
T, H
X, D
L, Y
F, L
J, A
B, N
G, Z
J, A
Y, V
Q, U
D, H
V, S
D, S
L, A
C, G
V, O
S, N
C, H
H, B
K, U
L, C
X, P
A, N
G, D
L, P
G, K
R, C
Z, B
N, N
Z, O
K, M
Q, Z
G, A
U, I
T, Q
U, T
I, B
O, V
E, U
M, S
Q, V
B, U
L, H
B, F
B, Y
N, Z
O, G
T, E
J, U
W, I
D, J
X, T
X, K
Z, M
M, Y
N, U
S, C
P, V
O, I
C, R
H, P
L, R
J, B
W, J
Z, H
Z, Y
B, Q
J, U
R, Y
D, P
U, A
B, U
J, J
O, P
R, Y
J, T
O, N
K, Q
G, C
T, M
K, O
G, G
L, Z
H, X
M, D
W, L
X, L
C, R
V, I
J, B
O, X
W, S
Y, Q
U, N
D, F
D, U
A, O
J, U
O, P
C, I
Z, S
N, T
V, B
Z, Q
L, R
I, W
U, Q
E, Z
L, X
B, D
D, E
I, S
I, Y
X, V
G, Q
O, D
H, N
N, E
Y, E
R, S
P, V
O, V
A, B
Q, O
Q, T
K, Q
M, Q
H, Y
M, U
R, H
B, B
L, M
F, P
I, S
T, W
Z, D
J, O
I, M
G, G
C, H
J, P
G, W
E, I
P, I
T, M
N, M
I, A
Y, N
Z, F
J, B
M, W
R, M
N, W
L, W
S, T
J, K
O, F
O, B
N, T
H, Z
R, D
Z, K
U, I
Y, T
F, N
N, B
D, I
M, L
P, N
I, P
E, Z
T, H
I, V
N, S
H, V
J, R
Z, P
U, S
R, A
M, Z
U, U
P, S
P, E
Q, Q
V, D
R, A
Y, C
A, I
D, R
K, U
X, W
T, B
D, F
I, R
N, I
E, X
I, J
U, S
Q, S
P, E
G, O
F, Z
H, H
F, S
I, J
Y, U
H, D
R, J
Z, V
Y, U
H, H
S, J
L, G
M, F
O, Y
S, D
Q, P
G, R
N, Q
B, K
S, C
U, A
O, Y
K, Y
W, M
F, Z
I, Q
X, C
O, N
S, Y
X, E
W, E
X, Z
K, M
Y, Z
Y, W
A, O
C, Z
H, Z
O, M
Y, W
M, F
C, E
L, G
E, T
U, O
T, E
W, X
V, N
C, R
E, D
I, G
G, G
T, Y
H, S
A, Q
S, B
D, H
K, N
X, S
I, D
X, H
P, F
D, D
T, P
K, O
M, N
R, F
G, T
W, C
L, S
C, O
B, O
N, O
D, I
N, D
F, P
C, N
V, L
N, L
B, M
U, S
K, V
T, P
B, I
B, Z
Y, B
Y, A
K, T
T, Z
Q, K
Z, J
W, X
J, R
R, O
Q, J
E, N
N, S
F, A
A, H
R, O
N, V
G, J
H, Y
S, C
V, K
T, W
A, F
C, A
P, S
B, T
K, G
F, W
B, N
H, V
T, I
P, R
I, H
D, R
F, H
B, Y
W, X
Q, L
M, Z
Y, R
U, I
K, D
J, T
M, W
H, S
U, X
O, Z
O, D
G, F
Q, X
W, C
S, E
G, R
P, W
E, T
S, O
M, W
I, Y
A, Y
Z, D
Z, M
G, P
F, X
O, U
J, N
J, G
N, M
C, Z
M, V
X, J
K, O
F, D
G, Y
P, K
D, I
J, V
M, R
R, G
V, Z
Q, M
E, U
E, S
M, X
O, Q
B, A
W, Y
R, T
K, V
G, S
A, N
J, Q
R, Q
M, M
A, O
A, N
H, Z
A, V
R, U
X, C
C, D
E, N
V, G
K, J
K, O
Z, F
R, W
Q, W
T, C
J, O
B, A
E, M
L, U
O, W
C, N
B, F
W, X
M, B
B, Y
X, O
A, Y
I, Y
P, T
S, K
C, E
G, V
K, X
I, T
D, Z
S, N
Z, B
L, V
I, T
Y, K
U, A
H, Z
M, J
Y, L
R, R
C, Q
U, S
C, E
S, Q
T, I
C, A
I, J
H, D
E, L
O, K
A, J
C, P
I, K
H, K
C, X
X, Z
O, E
J, D
H, M
B, L
K, M
B, G
G, Q
P, F
C, H
Y, I
Q, U
I, I
V, W
Z, D
I, Y
F, I
Z, Z
H, S
M, O
G, J
V, K
C, O
P, O
R, O
Y, M
S, L
H, S
V, U
K, M
Q, G
R, S
U, B
Z, M
K, N
X, R
O, U
J, X
N, Q
C, T
R, J
Q, B
Z, R
K, T
Z, L
A, G
N, N
P, O
L, K
U, P
N, I
A, C
K, Z
D, Y
D, I
L, F
M, M
L, S
I, H
V, C
W, Q
R, E
Z, G
E, E
O, Y
G, K
E, Q
L, A
P, F
P, K
S, F
T, V
B, C
W, E
I, L
G, W
N, Q
P, P
P, J
V, Q
V, S
H, P
C, D
D, H
E, S
N, K
D, J
E, Q
S, Q
Z, O
M, D
I, L
B, J
A, D
V, Z
N, M
R, K
V, M
C, A
T, H
H, N
E, L
T, T
O, C
C, U
V, J
V, B
S, O
Z, C
V, T
H, Z
L, J
V, L
Z, U
G, V
P, J
S, Q
E, D
F, F
B, J
H, O
I, S
H, G
W, Z
R, C
Z, U
X, Z
W, D
W, G
S, V
T, R
M, P
G, K
L, Q
W, C
N, H
Y, J
Y, I
A, U
T, T
L, R
J, B
N, F
L, F
G, V
I, P
O, M
I, R
B, C
U, L
D, W
L, A
Y, F
R, D
Q, E
Y, H
R, G
J, X
E, K
H, S
G, R
S, A
M, D
F, R
A, S
V, Z
K, D
B, J
S, C
I, W
D, U
T, D
Z, D
N, A
Q, L
S, Q
D, K
R, W
C, C
T, P
J, Z
I, D
H, C
O, P
P, U
R, W
R, H
N, N
T, H
B, X
Y, M
C, M
P, N
Z, Z
Y, D
W, O
J, R
T, Y
U, A
B, G
B, B
U, N
Q, N
K, S
C, N
Q, H
I, N
F, V
N, K
Q, V
R, B
S, S
W, B
C, L
L, P
I, T
T, D
S, S
E, Y
N, U
S, E
D, U
G, X
U, A
U, H
B, S
O, C
L, J
M, O
J, G
C, O
S, F
N, B
W, G
M, J
D, Y
W, O
X, T
K, I
K, S
H, C
J, N
X, E
U, Z
Y, B
M, H
V, I
O, A
F, O
H, Q
M, P
M, U
F, X
T, G
A, K
G, J
V, W
Y, A
R, W
S, C
N, G
M, B
Z, S
C, X
X, N
S, J
Z, C
C, D
V, B
O, L
Z, G
G, I
U, S
T, I
H, B
F, U
P, E
E, M
K, N
Z, F
I, G
D, E
R, V
S, B
V, I
C, G
J, N
R, G
Z, A
K, L
T, G
M, U
D, A
V, Z
D, V
J, Q
Q, P
G, V
A, B
X, L
D, X
V, I
B, L
E, O
V, K
A, R
E, F
E, H
W, A
Q, G
H, K
O, B
H, D
F, X
N, Q
U, U
Z, U
J, O
M, X
N, K
E, I
F, X
U, B
Z, N
T, Z
Z, C
R, G
V, X
B, Z
F, W
U, J
V, V
E, P
U, S
X, A
S, Y
O, O
E, Z
W, M
I, M
C, G
F, N
A, X
F, D
S, X
V, I
A, P
X, U
W, W
Y, J
Y, K
C, H
D, E
Y, U
Y, Q
E, Z
S, Y
U, F
P, E
H, R
D, S
Y, Y
K, Z
Z, A
P, X
Z, F
O, Y
D, T
G, Z
E, X
C, S
Q, X
L, G
G, B
G, C
A, K
T, Z
W, M
J, O
C, M
W, Q
R, E
B, V
H, I
Y, B
E, J
T, O
X, C
P, P
M, A
Y, E
X, E
C, F
E, S
S, S
G, H
G, B
O, V
D, J
L, H
R, P
F, A
E, H
C, V
I, K
M, R
C, O
E, X
J, L
G, M
F, G
B, T
R, C
I, O
Z, P
O, V
V, K
N, W
M, W
M, C
X, S
N, X
U, R
Q, D
T, E
Z, Z
V, D
L, Z
L, Z
Q, V
G, X
X, B
K, K
I, H
L, W
U, Q
N, K
K, D
P, T
Y, Y
O, C
H, N
I, K
J, M
P, A
H, D
P, S
B, X
I, G
T, X
X, A
V, H
H, M
S, C
W, D
Z, L
V, H
K, Q
E, F
V, T
T, W
V, N
E, I
N, D
W, W
A, F
V, V
G, L
X, S
H, V
N, Q
D, A
J, P
E, W
P, J
E, X
T, R
H, K
E, O
Z, W
Q, R
G, K
A, U
T, A
X, Q
P, A
G, U
H, Z
Q, L
J, J
G, M
R, V
K, C
N, R
V, J
Q, P
H, C
B, Z
Q, W
G, S
X, H
D, T
X, U
U, P
R, R
S, R
Z, G
K, K
A, S
O, E
S, F
N, U
X, R
N, V
V, W
E, C
D, G
V, T
E, R
I, C
J, T
H, U
I, G
H, W
M, W
P, Y
B, X
N, W
J, H
B, W
D, F
K, O
X, L
I, S
U, M
Q, E
Q, A
H, T
E, T
M, T
C, P
Q, K
Z, J
A, F
J, A
I, V
E, R
Q, G
S, I
D, J
P, E
V, H
H, S
P, I
X, Z
I, X
J, E
Y, X
K, F
S, D
T, P
E, J
Q, A
W, G
N, B
Z, R
Q, A
R, K
J, O
M, D
S, Q
H, R
R, H
P, D
V, C
S, D
C, C
F, F
G, N
F, S
H, B
M, F
Y, I
A, R
X, V
R, D
C, N
S, C
G, G
Z, H
M, C
E, B
H, U
I, T
C, T
B, W
R, E
J, L
Q, W
C, V
E, K
Z, H
K, W
U, Q
U, C
S, B
Y, E
K, P
U, R
E, J
J, A
R, V
Z, D
X, C
K, B
G, I
S, R
T, O
O, Z
R, I
N, S
C, R
G, I
R, K
V, O
Z, B
Q, E
W, W
W, B
M, G
Z, B
F, Q
K, G
L, U
L, W
L, D
M, Q
C, K
O, A
C, P
Q, H
N, F
R, Y
J, B
F, L
O, Q
M, R
S, C
T, F
I, V
Z, H
N, S
B, E
D, S
S, C
P, E
Y, K
L, U
S, C
K, Y
V, P
U, L
R, Y
D, M
N, B
Y, V
M, N
X, E
P, S
D, K
P, W
N, K
Z, X
T, H
Z, Z
L, D
K, S
T, H
S, W
S, Y
Q, F
Q, H
I, R
Z, Q
Y, N
S, I
D, J
M, O
R, K
T, V
H, W
V, N
A, D
R, F
T, E
H, G
V, R
H, T
A, V
C, W
T, W
T, O
G, U
U, H
R, Y
K, Y
Z, I
O, A
G, Q
U, W
V, X
S, Q
T, O
P, U
Z, H
E, R
E, E
N, J
L, O
D, P
G, I
S, E
D, I
B, Y
Q, R
M, O
J, U
I, F
E, B
N, K
N, C
F, F
I, J
F, T
N, Z
V, Z
A, R
L, X
P, Q
Y, R
I, X
Y, K
O, H
X, V
J, U
L, B
X, F
N, Y
E, Y
N, A
B, R
U, W
L, C
N, S
Z, U
Q, Y
T, D
L, I
C, B
U, O
O, F
G, K
Q, L
A, R
N, Q
Q, T
P, S
B, Y
C, U
H, C
T, L
K, R
M, N
D, K
U, O
Y, D
R, X
U, S
J, Y
O, O
D, A
P, N
Y, H
T, X
I, K
Q, N
E, F
V, F
E, U
W, W
Y, Z
L, O
H, B
C, S
M, I
D, R
C, Q
X, I
L, Q
H, P
O, J
I, L
A, G
F, T
L, V
D, T
W, M
J, H
O, E
P, V
W, D
O, G
X, B
B, A
N, A
P, K
P, X
O, O
Z, M
U, J
F, U
T, H
M, N
K, N
R, W
U, P
E, N
L, E
Y, R
Z, T
M, J
F, M
B, J
B, F
X, J
M, L
B, Z
I, S
N, V
V, G
O, E
Q, J
Q, V
N, J
X, N
J, W
M, M
P, N
D, E
C, Q
F, E
J, S
D, F
V, S
M, M
F, E
V, A
B, O
E, Q
B, O
B, G
E, Y
P, O
A, S
R, H
C, L
Z, W
E, V
P, U
V, E
R, G
S, I
L, P
F, K
C, F
W, N
K, D
C, M
P, B
U, N
D, M
D, P
V, X
U, Q
N, J
B, N
F, U
U, J
P, T
T, S
C, D
M, G
W, H
W, K
E, S
U, P
D, A
R, R
I, J
E, Q
G, W
L, J
H, R
T, K
U, M
J, O
G, H
I, S
T, W
R, T
L, S
E, F
K, I
O, S
S, E
Z, A
C, D
Y, L
B, F
C, A
J, Z
P, N
S, P
Y, V
Q, L
F, R
U, H
A, P
N, G
E, A
G, A
E, Z
U, J
K, P
N, T
B, C
H, V
X, J
Z, H
P, F
Y, O
G, K
C, B
H, Y
U, Y
W, V
O, S
Z, O
U, T
Y, L
L, P
A, D
B, Q
Z, R
F, I
Y, N
A, V
G, C
R, V
B, Y
M, J
X, G
Y, R
X, M
F, T
W, F
F, G
Q, E
C, X
R, R
P, T
O, B
M, Q
M, Z
X, W
M, Z
X, H
F, O
B, U
M, O
N, K
R, E
Z, S
L, R
A, F
P, I
P, G
O, G
M, P
J, M
F, S
J, W
H, E
D, O
F, C
H, G
L, J
D, Y
D, U
E, M
Z, W
N, S
U, H
O, O
K, R
B, V
M, Q
L, I
J, O
Y, G
A, D
W, Z
F, O
Q, E
U, J
R, M
T, X
J, H
Q, D
E, V
I, Q
O, W
B, E
F, I
H, G
Q, H
L, W
J, P
Z, K
E, A
S, R
Y, S
C, E
C, B
W, O
A, K
T, C
G, E
R, X
I, G
H, Q
D, V
A, R
W, I
M, Z
O, H
L, Z
S, E
P, Q
Q, O
N, Q
I, J
O, U
L, J
G, H
A, V
W, I
M, A
X, Y
M, A
L, H
G, A
J, K
O, K
E, T
K, J
G, K
G, T
X, U
R, H
T, V
K, W
E, H
Q, Q
H, Q
E, A
B, N
E, C
G, S
S, G
D, M
I, I
U, Z
M, U
I, V
Y, B
U, B
M, E
V, V
V, D
T, G
U, L
T, A
L, U
N, Z
M, R
I, I
Q, B
Y, N
G, Q
F, X
W, F
C, Q
I, E
H, D
U, A
B, U
M, P
J, C
E, C
Q, Y
Z, Q
B, Q
S, U
D, G
Z, U
T, U
L, F
R, J
D, X
M, L
H, S
E, E
J, T
H, V
X, O
B, E
H, G
J, A
Q, J
E, A
W, U
G, S
R, O
K, N
M, O
P, I
Q, C
N, B
V, D
W, F
M, C
O, V
R, N
S, G
J, P
B, Y
F, M
X, C
U, B
O, Y
K, J
S, V
G, B
B, H
Y, Y
C, S
N, E
N, G
Q, E
T, K
C, Q
J, L
R, W
E, E
K, I
E, Z
L, J
I, Z
I, J
T, L
S, P
O, F
T, Y
G, Z
L, K
S, Z
P, N
Z, H
H, F
W, A
V, R
H, O
O, Y
E, A
J, D
J, P
G, V
C, K
X, T
S, U
E, V
R, O
X, P
H, T
O, C
B, U
J, V
K, W
W, F
Q, P
A, U
J, H
B, O
D, N
F, B
T, K
L, P
N, F
H, K
D, C
O, B
K, C
N, U
D, D
O, M
Q, F
Q, T
G, B
U, I
Y, C
R, L
J, I
P, A
H, Z
Q, Z
L, D
B, V
F, J
T, W
C, B
Y, Y
W, V
A, S
C, L
A, F
N, F
N, G
M, S
D, S
A, P
R, B
E, H
U, Q
B, R
A, K
H, W
R, W
A, W
Q, G
J, Z
C, I
W, N
E, N
L, Y
A, G
N, I
K, E
J, J
Q, G
Z, N
V, Q
W, X
V, A
O, H
D, X
R, C
J, Y
P, Q
F, G
D, Z
X, I
O, F
D, O
U, W
I, S
N, D
Z, Z
D, Y
X, I
O, Y
D, I
W, S
T, W
K, K
L, Y
X, Y
H, U
C, E
T, P
G, O
G, G
R, J
R, M
N, P
S, J
W, M
D, F
A, T
A, H
K, T
Z, T
B, Y
Z, W
M, I
L, G
K, B
T, J
I, P
T, P
N, W
U, N
L, V
B, Z
N, K
T, O
N, Q
B, H
K, H
V, L
K, P
B, N
D, V
L, S
C, U
Y, S
D, K
L, E
P, S
F, L
G, R
X, U
S, D
C, L
J, N
J, U
N, Y
J, J
T, X
O, R
D, W
E, S
K, I
T, L
Q, D
D, F
Q, G
L, W
O, A
W, G
P, M
K, C
P, G
O, Q
O, V
B, D
Q, A
W, R
V, H
X, B
K, E
R, P
R, P
U, E
L, P
Y, C
H, J
J, B
L, O
H, D
S, H
N, N
S, P
C, S
Q, Z
M, R
Y, Z
H, P
I, N
Z, J
D, O
N, Q
M, E
P, S
Z, A
A, Q
D, W
U, Z
K, I
O, Q
A, F
H, U
I, N
I, A
R, I
S, Q
A, E
I, I
R, X
U, Q
M, Q
X, N
I, U
K, T
V, H
S, I
N, F
R, U
X, J
Z, H
A, Z
Q, V
O, K
P, W
T, S
I, A
K, M
G, L
Y, F
H, C
U, U
X, L
A, M
N, E
Y, T
N, U
D, W
V, Y
R, D
S, L
S, N
A, Y
R, P
C, M
B, N
R, I
P, I
X, I
F, H
I, L
D, D
H, A
Q, N
F, J
I, D
S, H
G, B
P, I
L, D
M, R
C, B
L, E
P, P
V, S
Q, I
V, S
R, N
Z, T
M, D
V, X
M, L
R, S
M, G
F, W
Q, X
K, S
R, U
W, L
A, M
J, L
E, T
P, D
C, V
U, I
Q, U
N, K
K, Q
O, Z
J, I
V, P
U, L
U, O
G, R
C, Y
O, M
P, M
O, V
E, Y
B, C
V, U
J, M
R, C
V, X
X, Q
A, D
D, N
K, P
F, R
I, O
X, H
Y, L
Z, I
C, A
Z, K
D, H
J, O
B, S
V, J
W, W
G, S
K, I
J, J
O, R
M, E
J, Y
V, E
Z, R
D, B
A, S
M, L
Z, C
Q, K
L, U
P, L
E, N
O, L
J, E
P, P
W, G
N, K
O, J
Z, O
S, C
M, R
D, T
Z, Z
U, M
C, X
C, M
T, Y
C, Q
U, I
B, I
U, M
N, M
T, K
Y, U
H, A
X, T
S, O
B, M
E, B
Z, V
Q, H
C, N
W, H
D, H
W, A
C, E
P, D
L, V
G, S
M, U
W, I
C, D
Y, E
M, Z
U, G
L, Q
F, T
I, Q
T, D
E, K
H, T
T, N
J, S
M, D
W, A
Y, L
R, Z
R, B
X, Q
Y, L
X, W
I, G
C, R
K, U
T, T
P, F
I, R
E, O
R, V
A, C
C, L
F, H
F, A
C, Y
R, V
Y, Q
S, D
W, D
R, X
O, Z
X, S
G, M
Y, Q
X, H
L, X
U, I
E, B
U, J
I, B
Y, G
L, M
Y, P
E, M
D, T
F, Q
X, S
C, B
O, G
L, X
D, Q
Y, R
G, S
X, O
N, Y
M, L
V, U
U, O
A, Y
V, M
O, Y
J, R
K, Q
Y, C
N, Y
C, L
T, Q
E, B
J, E
S, X
Q, J
C, Q
T, D
F, S
P, M
B, O
I, N
V, L
Z, A
B, U
B, D
U, R
L, R
W, D
P, Y
A, D
Q, M
X, B
S, D
E, B
H, U
L, E
P, V
C, M
U, F
U, L
V, Z
R, I
Z, O
D, V
U, T
P, I
D, D
K, S
O, L
Y, B
C, W
P, U
A, M
A, E
C, Q
X, K
U, U
S, F
Q, N
K, Y
P, A
E, M
Y, Q
U, J
A, G
D, N
C, J
T, O
F, U
R, H
F, U
R, Z
M, E
R, B
Q, H
L, I
U, T
B, T
Y, E
U, M
D, X
S, P
I, F
R, I
U, I
C, T
W, J
F, M
M, X
D, Y
L, K
D, S
Q, Z
F, D
R, B
D, W
L, E
I, X
P, U
Q, P
E, Z
W, C
W, M
Z, P
V, H
S, T
G, I
P, X
P, D
O, A
Z, B
M, T
A, N
M, U
V, L
G, O
A, T
Y, D
H, Q
C, M
H, S
W, T
A, L
U, W
K, U
J, M
Q, W
B, X
I, A
L, H
Y, O
U, U
C, W
T, B
Y, R
X, C
J, Q
J, E
O, B
S, F
Z, G
C, M
Y, P
Y, F
T, F
J, G
R, H
B, I
M, N
D, S
R, N
H, Q
U, Y
V, Y
B, X
L, C
X, H
Y, C
H, S
M, W
N, Q
H, Z
O, D
J, L
Q, H
B, W
G, Y
Q, K
I, Q
I, P
S, V
L, H
D, U
E, G
M, Z
U, B
J, L
E, Y
S, H
Z, V
S, R
D, G
B, I
D, G
E, O
A, I
I, J
O, E
H, X
K, M
D, L
I, A
T, Z
I, S
M, H
Y, Z
O, D
O, X
L, R
T, X
D, O
I, K
V, L
C, B
Q, P
F, Y
H, A
N, L
R, C
N, F
I, P
Y, X
J, D
W, J
J, H
J, Z
W, C
S, L
Z, U
H, U
Z, L
X, D
P, C
F, M
W, Z
B, Y
T, C
K, X
K, O
S, T
D, E
J, O
B, V
V, H
O, M
A, A
G, Y
V, M
Q, X
K, M
R, G
D, H
Z, B
T, P
O, W
Q, M
S, D
N, O
V, E
B, I
W, D
E, H
K, X
J, H
N, Y
N, T
E, C
T, O
W, V
R, H
R, R
C, P
V, A
N, J
M, I
X, C
E, F
E, X
P, V
N, N
O, T
C, L
B, V
Y, M
I, J
V, X
P, T
I, S
A, V
F, W
D, F
D, D
C, R
U, C
U, T
B, C
U, N
B, D
G, B
R, T
U, X
F, X
E, J
C, V
Y, Y
J, E
N, S
G, O
C, P
A, F
E, H
X, N
Z, C
F, N
S, J
P, L
Y, E
J, J
F, F
C, Z
D, C
D, T
S, O
B, I
D, H
P, I
Z, L
O, H
W, E
B, V
M, R
E, Z
M, C
L, R
C, D
K, P
C, Y
Z, B
Z, I
P, Z
D, V
S, H
S, P
H, U
Q, K
M, P
K, M
H, T
C, G
M, Q
D, C
B, B
R, Z
J, R
D, Q
C, B
T, T
U, F
R, M
G, I
W, O
Y, A
L, X
J, I
J, L
A, O
W, H
S, M
D, S
M, C
R, R
R, O
M, W
N, K
M, Z
Q, J
Z, I
A, B
V, J
T, A
X, I
C, I
J, J
R, G
Q, P
X, B
H, I
A, I
L, W
O, X
G, S
P, Z
J, K
O, V
C, R
I, N
T, I
P, J
L, M
W, U
V, N
H, B
Z, K
F, T
C, V
C, I
B, U
M, F
U, Q
H, U
L, O
F, K
Q, L
T, E
A, S
W, O
F, Z
T, M
Y, N
P, T
L, O
Q, N
J, D
D, R
H, L
I, V
B, F
K, V
Q, G
P, K
C, E
G, V
M, O
L, Q
A, E
D, G
U, R
E, W
Z, M
A, W
C, P
W, X
K, J
R, C
Y, S
D, C
T, Y
N, V
Y, Y
G, W
G, D
U, I
P, K
T, G
K, D
E, Z
L, G
P, M
J, Y
I, L
R, Z
W, Y
J, S
V, A
Z, P
V, R
Y, R
U, G
O, I
Y, J
V, D
W, W
K, X
K, Z
G, C
V, G
F, X
X, Q
W, T
K, A
W, V
Y, M
K, V
S, W
V, V
S, N
J, P
V, T
L, A
B, Q
Q, U
D, K
Q, I
C, E
N, Z
V, T
W, R
U, I
M, T
G, R
V, U
F, K
E, W
Y, W
F, Y
Y, Q
Q, X
Z, F
S, E
K, L
G, C
J, Y
D, S
L, X
L, R
D, S
E, W
U, H
M, D
W, P
Z, H
R, K
K, D
H, G
Q, X
J, R
L, A
D, I
S, R
S, S
T, G
C, B
I, G
X, Z
Y, Z
P, T
B, G
Q, H
K, J
Z, O
P, G
N, Y
W, D
I, N
D, D
B, D
W, V
T, Y
H, W
P, T
G, I
X, I
Z, T
D, W
R, U
B, D
F, A
G, S
L, Z
Y, B
J, S
M, M
V, W
D, C
W, E
E, N
H, X
P, P
Z, N
O, K
B, T
R, X
A, R
R, K
P, Y
V, D
C, V
R, L
Y, P
A, Z
R, Y
I, T
T, Y
O, F
B, Q
I, B
B, Y
J, K
E, Z
W, C
W, E
U, H
T, R
D, M
L, U
I, R
D, R
V, N
M, X
M, O
K, T
V, P
L, L
B, I
M, F
R, E
M, Q
N, H
L, X
M, D
D, X
V, N
H, B
B, B
C, L
C, R
O, G
G, C
N, C
R, E
E, K
C, W
H, P
L, R
Q, G
Z, W
E, E
T, P
W, C
N, A
D, E
M, R
W, Z
P, M
Q, Z
J, R
R, K
H, D
A, C
A, Z
W, F
Q, Q
L, Q
U, E
H, M
M, A
E, D
S, Z
M, W
P, F
O, V
B, A
Q, S
Z, W
T, P
O, H
M, M
P, P
R, V
M, S
N, K
I, B
X, K
M, M
Y, J
S, A
H, E
I, G
F, X
I, P
V, R
D, H
S, Y
V, R
T, U
U, V
Q, H
T, R
D, F
P, C
K, Z
H, F
B, A
W, J
E, V
X, A
B, L
Q, D
F, G
I, J
B, W
G, D
R, N
R, S
Y, L
L, V
C, C
P, U
Y, V
B, C
Q, W
X, E
H, L
N, T
C, Q
I, D
W, L
K, T
G, V
I, N
C, J
T, J
R, D
T, K
F, U
K, K
L, W
U, J
A, D
A, U
Y, C
I, Z
E, B
T, R
Q, X
B, Q
S, R
N, H
K, R
O, H
T, X
A, H
N, X
S, L
F, O
U, Q
S, X
U, K
F, H
A, I
S, T
D, Z
H, C
O, N
T, E
A, U
P, G
U, S
Z, C
B, J
Q, J
B, Q
D, H
T, L
Z, U
Z, O
X, Q
N, P
J, H
U, S
R, S
N, G
I, P
V, J
C, S
V, C
B, X
M, L
J, N
P, N
K, G
M, L
L, Y
M, Z
V, D
D, S
D, S
W, D
F, M
T, Y
J, Y
P, K
D, O
B, D
J, Z
H, M
U, D
P, B
X, X
F, V
M, D
J, W
K, O
O, X
U, M
S, P
T, N
L, L
L, W
I, U
R, K
G, K
O, Y
X, T
Q, W
S, O
U, S
O, D
O, F
Q, O
B, O
E, M
X, D
Y, E
A, U
G, S
X, L
U, P
K, B
W, A
L, K
W, I
G, C
C, E
D, G
C, H
K, E
P, I
A, B
K, I
K, I
J, V
D, F
T, P
M, T
K, C
B, M
K, M
K, G
X, G
Z, R
G, O
U, H
K, C
Q, F
Z, J
Z, U
N, L
X, L
A, M
V, H
Z, A
Y, M
P, V
J, J
Q, P
N, B
T, O
H, K
D, D
O, H
L, P
Y, I
R, I
G, T
L, G
Z, I
L, P
A, R
Q, A
M, X
R, K
X, S
T, N
U, Q
C, A
V, R
R, J
V, V
J, E
T, S
A, M
Y, L
F, A
H, X
J, C
P, H
S, G
M, J
H, X
S, F
F, V
K, W
O, M
O, R
O, R
O, B
D, B
G, O
F, N
U, E
R, Z
S, N
G, O
L, Y
Q, Y
B, Y
L, Z
H, R
M, J
T, W
F, H
K, L
A, F
C, O
A, T
Z, L
B, G
E, I
Q, C
M, V
P, Q
I, G
C, G
I, B
I, U
Y, U
Q, T
Q, P
C, B
A, I
W, B
D, X
L, H
Q, B
R, O
H, J
C, T
G, P
R, A
J, U
W, Q
I, Y
U, L
I, F
C, P
B, U
F, O
Q, G
K, S
L, G
U, B
I, L
Y, T
I, X
U, D
I, I
J, A
P, R
B, N
V, W
K, F
F, X
U, I
R, S
Z, P
I, P
Z, Q
K, E
L, U
B, F
A, F
F, Q
G, T
Y, I
T, F
E, Z
J, B
A, C
H, F
P, T
B, A
F, E
X, S
I, O
E, A
V, X
A, R
J, U
C, Y
H, G
V, R
Y, Z
Z, W
W, B
D, Y
U, E
J, J
P, Z
G, B
Q, E
N, U
I, B
U, W
W, Z
X, F
C, M
R, B
N, T
Q, N
M, M
I, J
S, S
M, G
K, X
P, A
F, F
W, K
H, X
O, Y
J, O
D, C
L, J
P, M
Q, L
M, K
U, I
J, E
G, Q
J, C
V, N
Q, U
Y, C
B, A
F, F
I, H
V, R
H, S
Z, Z
T, T
X, A
H, V
U, K
K, P
R, M
N, T
D, K
F, T
M, N
U, T
S, L
U, I
E, U
S, F
L, O
J, P
D, Y
A, V
V, I
K, R
K, U
N, I
A, U
X, D
Y, I
Q, P
P, W
Z, F
K, N
E, C
O, L
X, C
C, O
A, R
M, E
B, Z
H, G
R, B
B, N
E, W
K, E
C, N
M, B
Y, W
D, F
L, S
M, P
Y, P
N, R
H, A
D, B
K, U
N, X
W, L
O, T
H, W
L, S
S, H
P, V
E, G
X, T
L, X
E, O
K, Y
G, W
H, Q
H, X
S, S
F, M
Z, O
Z, B
C, T
I, L
G, N
M, B
S, T
J, T
W, K
A, C
X, I
T, M
B, O
G, Y
D, V
V, E
A, C
H, N
K, C
T, R
D, J
F, A
R, F
S, V
V, Q
S, X
K, I
B, A
U, T
Y, J
G, C
K, Z
I, E
R, F
W, U
V, E
E, K
C, I
O, E
F, O
Y, D
F, J
E, K
I, K
L, B
V, Q
J, B
F, H
P, Z
C, N
Z, W
E, Y
P, Z
S, R
Z, S
I, Q
W, I
W, M
I, P
P, J
Q, G
P, Z
G, Q
X, I
T, T
Q, B
J, H
D, F
A, Y
P, Y
T, I
H, Q
T, N
Z, Q
H, A
W, I
G, O
X, R
G, R
S, P
J, I
L, A
W, B
F, Q
D, F
C, P
V, Y
G, C
S, I
S, G
E, G
H, L
Q, H
U, C
Z, K
E, L
N, T
T, V
U, A
J, W
T, X
P, D
S, G
M, L
J, P
B, D
M, E
E, A
N, S
M, Y
Y, Z
J, M
Q, P
K, B
X, K
O, F
L, G
X, S
N, M
R, S
Q, Y
T, G
A, V
Q, R
S, Q
G, L
R, G
P, Y
V, A
U, Q
X, K
P, X
N, E
K, V
G, H
Z, R
J, I
K, W
S, C
Q, U
I, D
T, Y
K, I
Z, V
A, B
S, N
R, T
E, J
S, F
E, Y
L, V
E, B
E, T
G, X
K, Q
Q, W
E, H
J, H
I, P
M, R
C, B
T, A
P, Z
C, N
A, P
Z, T
Y, M
I, L
J, X
Z, V
Y, R
J, B
J, I
C, L
S, S
X, D
P, W
H, S
V, J
Q, R
M, K
E, Z
Y, V
A, J
B, U
I, L
P, K
P, C
L, Y
Y, Z
W, X
T, H
F, D
N, O
W, N
D, U
H, R
O, W
E, L
D, R
G, F
T, R
C, L
S, E
Y, X
T, F
G, M
X, D
D, N
S, C
R, W
Y, T
P, Q
J, S
T, J
Q, O
W, V
F, D
C, C
T, Y
T, D
J, W
Y, O
A, B
N, W
Z, I
J, R
U, N
P, F
K, N
L, D
Y, V
M, L
P, D
R, U
S, P
I, Z
D, Z
S, M
V, M
S, J
Z, I
V, F
T, V
S, B
W, E
M, K
Z, R
W, Z
O, I
R, Z
T, K
N, H
S, F
W, K
D, T
P, U
W, S
L, E
D, S
H, D
F, T
T, A
S, O
R, Z
D, Y
L, V
Y, C
Z, E
B, Z
Q, P
Z, Q
K, A
G, M
R, Y
Q, J
R, U
R, U
W, Q
H, Q
J, D
C, M
R, N
A, O
O, H
T, U
E, M
Q, L
O, C
B, X
U, E
V, A
O, N
V, M
N, P
S, U
D, T
Z, X
E, P
E, O
U, D
D, F
E, O
W, A
Z, N
J, O
K, Y
A, H
Y, N
U, R
L, P
S, N
Z, J
N, F
C, V
G, E
H, V
Y, P
F, J
D, Q
B, G
J, X
K, C
G, L
S, N
B, T
Z, S
F, J
R, V
P, K
D, Z
L, A
P, C
D, C
O, B
Q, J
I, H
W, F
A, J
Z, J
C, Y
E, S
H, V
M, N
S, W
O, P
X, E
Y, K
I, T
Z, N
P, W
M, D
A, N
E, D
J, T
B, S
Z, S
G, P
S, E
Z, U
N, H
L, Y
W, V
H, W
Y, K
I, C
C, S
Y, E
B, T
O, M
W, Z
L, N
T, M
N, Z
X, S
K, Q
X, T
S, S
T, G
T, Y
V, W
N, P
P, Z
R, W
N, F
B, V
N, Y
K, J
J, C
X, G
O, T
D, H
H, F
T, O
F, H
Y, Q
V, A
M, Q
M, J
Q, I
J, A
X, E
J, C
M, C
N, D
D, M
E, R
F, K
H, L
E, V
C, L
V, E
J, L
J, W
F, E
B, K
T, X
E, F
M, R
G, K
O, U
S, I
T, W
N, Y
V, K
C, C
A, E
N, T
G, R
I, Z
T, L
H, M
T, G
D, N
G, T
W, Z
G, V
F, S
V, S
N, E
Z, P
Q, F
D, A
Z, Y
L, Q
C, B
K, H
Q, G
I, M
N, Q
H, H
H, J
K, I
B, B
B, T
F, M
X, C
E, Y
J, H
C, A
O, W
I, T
J, U
N, J
Q, F
J, X
D, T
D, P
X, R
E, S
Y, B
O, I
S, Z
F, S
B, E
O, G
W, W
X, Z
X, L
S, X
B, K
Y, N
A, P
S, D
B, O
U, S
T, K
R, W
Z, E
T, J
U, K
H, E
E, F
S, W
U, L
S, N
H, F
S, O
E, B
G, B
D, W
Y, H
U, Q
G, V
N, A
J, P
J, C
S, O
S, K
P, I
B, V
V, F
Z, E
Z, N
Z, U
U, C
T, J
Q, W
Q, O
V, F
G, P
V, T
E, G
S, J
X, C
E, E
W, E
M, S
Q, A
E, E
K, P
B, B
G, X
Z, C
N, S
V, P
J, A
V, T
Q, B
G, C
D, Q
A, Z
Y, C
T, I
S, F
M, O
L, E
I, E
B, R
Q, D
V, C
H, N
V, D
X, A
L, D
R, F
W, K
W, V
C, E
C, C
Y, J
Q, D
Y, X
X, P
E, N
P, R
D, R
H, V
J, C
X, R
Y, V
S, B
A, Y
D, R
I, K
S, U
M, B
P, Y
H, C
Z, E
K, I
L, S
K, U
I, U
R, G
K, M
N, N
V, K
P, K
P, S
T, S
G, A
Z, A
O, Y
X, B
J, W
W, V
H, D
W, Z
X, G
V, B
D, Z
S, J
A, Z
J, S
R, B
V, W
A, J
C, C
O, V
D, E
T, T
S, H
K, I
U, S
H, E
W, A
T, N
A, V
R, W
O, V
X, N
S, L
E, Z
N, Z
D, F
Q, F
E, T
O, V
V, M
I, Q
V, E
U, Q
F, C
C, P
W, A
H, O
B, P
T, I
O, Q
A, G
Z, O
O, U
B, I
Y, A
J, H
K, F
T, S
Z, S
C, K
T, C
U, D
P, J
P, W
H, D
M, X
C, S
W, U
R, T
E, Z
N, S
Q, Y
I, U
I, J
W, L
X, U
K, F
P, B
D, Q
M, U
D, W
O, Z
U, C
C, I
Y, E
H, J
C, E
U, G
M, G
W, Q
D, D
O, B
W, K
W, X
D, J
V, Y
J, R
N, G
W, R
Q, Q
T, G
V, A
W, H
E, K
B, K
M, C
M, Q
X, M
C, T
X, X
T, F
I, I
Z, M
S, M
H, A
E, M
Q, I
A, P
J, Y
J, L
M, B
W, Y
R, H
Q, C
B, K
H, S
W, N
R, G
V, C
X, I
T, E
J, K
M, R
E, S
J, S
K, A
U, P
C, R
Q, I
Z, Y
T, T
I, D
L, D
W, C
Z, K
N, A
L, V
D, L
Z, C
F, Z
K, O
E, J
J, Y
Z, O
A, V
A, X
N, W
S, Q
L, K
J, O
N, T
C, E
L, E
P, O
J, V
R, L
H, Q
Y, W
Z, U
C, Q
Q, K
M, T
Y, C
L, P
A, H
K, F
L, J
F, M
D, Z
X, K
V, S
T, A
J, F
H, W
G, V
U, K
G, X
K, A
D, J
V, V
P, I
Y, Z
G, Z
F, Q
V, U
P, D
Q, Z
E, X
N, L
C, U
N, Q
U, V
Q, G
O, Y
F, C
L, Q
P, A
S, X
C, J
T, D
L, Q
J, G
X, H
N, G
U, U
U, R
H, Y
Q, Q
P, C
L, P
C, H
X, C
M, J
V, K
M, A
B, Y
B, R
J, I
X, V
E, A
E, O
P, A
Z, Z
M, P
O, E
T, Y
F, A
A, N
D, W
C, F
I, F
S, Y
G, M
Y, J
O, H
T, M
N, K
F, E
R, X
H, K
P, T
I, U
Y, M
W, L
T, V
Q, P
L, O
J, Q
B, E
A, N
P, H
V, Q
Z, J
A, E
I, U
J, B
R, J
U, D
I, A
I, M
U, X
O, K
P, N
C, H
P, W
W, B
X, K
T, I
I, F
U, M
Z, K
D, E
I, J
O, H
Q, W
Z, X
H, V
K, X
X, B
Q, B
C, U
S, H
T, K
O, I
P, K
S, L
W, Z
D, J
Q, A
B, A
C, I
R, L
E, E
X, J
X, Z
Y, W
G, U
C, Y
B, I
P, V
H, E
D, L
D, W
T, X
Z, K
L, D
N, P
R, Z
I, T
F, G
H, C
O, W
R, T
F, C
Z, B
A, F
V, E
C, F
P, N
W, T
I, L
E, N
X, F
J, Z
W, N
U, E
H, E
H, W
Q, D
W, T
G, X
E, A
R, L
G, Y
C, L
D, N
N, B
H, C
Q, T
K, H
K, P
N, M
L, R
Q, Y
F, B
A, G
B, C
F, Q
S, K
C, T
W, G
F, U
J, H
P, T
C, N
S, M
H, X
G, I
B, E
X, D
A, M
I, E
G, C
R, W
P, Z
P, M
G, C
V, O
Z, V
N, E
D, C
H, T
L, T
Z, G
M, J
A, J
S, X
U, W
X, P
C, R
S, A
Z, W
R, D
M, G
T, Z
J, T
F, Y
Q, Z
W, R
X, L
Y, N
G, R
X, K
K, Z
I, B
N, I
P, L
L, Z
U, H
Z, M
R, M
D, Z
Q, R
H, H
U, A
B, H
P, B
H, L
R, A
G, J
H, W
R, T
E, C
H, Z
F, P
C, F
M, J
V, Q
K, Z
C, G
H, I
O, R
I, P
R, F
D, O
H, C
O, Q
O, J
W, L
D, L
I, Y
S, M
L, K
K, A
O, Y
K, T
P, H
G, N
D, O
O, H
T, K
K, A
U, W
L, B
B, V
Q, I
C, H
M, I
B, T
R, T
B, F
D, T
M, F
R, W
H, I
Z, A
M, R
C, A
P, D
C, F
M, V
L, B
D, K
Z, V
V, O
V, R
W, Q
L, Q
E, V
R, E
T, O
M, H
R, Y
M, R
K, S
C, K
L, A
L, O
A, H
Q, X
Q, B
X, Z
M, S
H, Z
J, W
N, J
S, K
B, R
J, S
I, S
U, H
T, H
K, X
Q, J
M, R
O, Y
U, N
D, I
Y, J
Q, K
B, W
E, C
C, Y
M, T
Z, V
T, G
X, E
X, T
K, B
P, C
W, B
T, P
V, Y
I, S
J, Z
O, F
G, L
H, F
E, V
V, E
P, Q
R, F
V, X
J, K
O, B
E, S
X, Q
M, V
O, M
J, Q
O, D
B, L
J, B
C, U
H, D
F, P
I, F
Y, X
G, S
B, W
Z, B
O, W
Y, N
K, B
S, C
M, X
G, A
I, G
I, T
D, O
T, Y
R, W
G, B
:), :(