gym,timestamp,attendeeCount,consumption
string,datetime,int,float
S,T,,
Melbourne Central,2010-09-01 00:00:00.0,0,39.54
Melbourne Central,2010-09-01 01:00:00.0,0,12.55
Melbourne Central,2010-09-01 02:00:00.0,0,8.56
Melbourne Central,2010-09-01 03:00:00.0,0,9.23
Melbourne Central,2010-09-01 04:00:00.0,0,8.63
Melbourne Central,2010-09-01 05:00:00.0,0,8.83
Melbourne Central,2010-09-01 06:00:00.0,94,67.98
Melbourne Central,2010-09-01 07:00:00.0,50,74.68
Melbourne Central,2010-09-01 08:00:00.0,36,69.59
Melbourne Central,2010-09-01 09:00:00.0,35,70.02
Melbourne Central,2010-09-01 10:00:00.0,25,65.99
Melbourne Central,2010-09-01 11:00:00.0,35,69.86
Melbourne Central,2010-09-01 12:00:00.0,109,70.21
Melbourne Central,2010-09-01 13:00:00.0,52,74.96
Melbourne Central,2010-09-01 14:00:00.0,35,67.6
Melbourne Central,2010-09-01 15:00:00.0,48,65.14
Melbourne Central,2010-09-01 16:00:00.0,131,70.1
Melbourne Central,2010-09-01 17:00:00.0,191,74.47
Melbourne Central,2010-09-01 18:00:00.0,193,82.33
Melbourne Central,2010-09-01 19:00:00.0,77,83.31
Melbourne Central,2010-09-01 20:00:00.0,8,71.59
Melbourne Central,2010-09-01 21:00:00.0,0,47.8
Melbourne Central,2010-09-01 22:00:00.0,0,45.03
Melbourne Central,2010-09-01 23:00:00.0,0,47.58
Melbourne Central,2010-09-02 00:00:00.0,0,45.83
Melbourne Central,2010-09-02 01:00:00.0,0,39.96
Melbourne Central,2010-09-02 02:00:00.0,0,39.48
Melbourne Central,2010-09-02 03:00:00.0,0,39.56
Melbourne Central,2010-09-02 04:00:00.0,0,39.89
Melbourne Central,2010-09-02 05:00:00.0,0,39.7
Melbourne Central,2010-09-02 06:00:00.0,101,65.49
Melbourne Central,2010-09-02 07:00:00.0,61,74.7
Melbourne Central,2010-09-02 08:00:00.0,27,65.32
Melbourne Central,2010-09-02 09:00:00.0,28,65.46
Melbourne Central,2010-09-02 10:00:00.0,31,62.07
Melbourne Central,2010-09-02 11:00:00.0,40,64.49
Melbourne Central,2010-09-02 12:00:00.0,88,69.3
Melbourne Central,2010-09-02 13:00:00.0,43,67.82
Melbourne Central,2010-09-02 14:00:00.0,51,64.76
Melbourne Central,2010-09-02 15:00:00.0,47,68.93
Melbourne Central,2010-09-02 16:00:00.0,133,71.86
Melbourne Central,2010-09-02 17:00:00.0,225,79.79
Melbourne Central,2010-09-02 18:00:00.0,180,82.97
Melbourne Central,2010-09-02 19:00:00.0,81,85.25
Melbourne Central,2010-09-02 20:00:00.0,19,76.8
Melbourne Central,2010-09-02 21:00:00.0,0,49.84
Melbourne Central,2010-09-02 22:00:00.0,0,47.01
Melbourne Central,2010-09-02 23:00:00.0,0,49.23
Melbourne Central,2010-09-03 00:00:00.0,0,44.56
Melbourne Central,2010-09-03 01:00:00.0,0,9.03
Melbourne Central,2010-09-03 02:00:00.0,0,8.75
Melbourne Central,2010-09-03 03:00:00.0,0,8.98
Melbourne Central,2010-09-03 04:00:00.0,0,8.81
Melbourne Central,2010-09-03 05:00:00.0,1,9.36
Melbourne Central,2010-09-03 06:00:00.0,62,72.52
Melbourne Central,2010-09-03 07:00:00.0,47,70.41
Melbourne Central,2010-09-03 08:00:00.0,35,70.19
Melbourne Central,2010-09-03 09:00:00.0,24,66.38
Melbourne Central,2010-09-03 10:00:00.0,28,65.26
Melbourne Central,2010-09-03 11:00:00.0,34,65.43
Melbourne Central,2010-09-03 12:00:00.0,94,67.22
Melbourne Central,2010-09-03 13:00:00.0,44,72.53
Melbourne Central,2010-09-03 14:00:00.0,28,67.92
Melbourne Central,2010-09-03 15:00:00.0,63,62.1
Melbourne Central,2010-09-03 16:00:00.0,81,65.6
Melbourne Central,2010-09-03 17:00:00.0,132,72.5
Melbourne Central,2010-09-03 18:00:00.0,89,77.57
Melbourne Central,2010-09-03 19:00:00.0,35,74.58
Melbourne Central,2010-09-03 20:00:00.0,19,64.05
Melbourne Central,2010-09-03 21:00:00.0,0,47.92
Melbourne Central,2010-09-03 22:00:00.0,0,47.79
Melbourne Central,2010-09-03 23:00:00.0,0,48.18
Melbourne Central,2010-09-04 00:00:00.0,0,47.83
Melbourne Central,2010-09-04 01:00:00.0,0,14.6
Melbourne Central,2010-09-04 02:00:00.0,0,7.92
Melbourne Central,2010-09-04 03:00:00.0,0,7.92
Melbourne Central,2010-09-04 04:00:00.0,0,8.1
Melbourne Central,2010-09-04 05:00:00.0,0,7.9
Melbourne Central,2010-09-04 06:00:00.0,0,7.89
Melbourne Central,2010-09-04 07:00:00.0,0,7.96
Melbourne Central,2010-09-04 08:00:00.0,0,8.17
Melbourne Central,2010-09-04 09:00:00.0,100,65.96
Melbourne Central,2010-09-04 10:00:00.0,55,76.44
Melbourne Central,2010-09-04 11:00:00.0,71,73.5
Melbourne Central,2010-09-04 12:00:00.0,82,71.92
Melbourne Central,2010-09-04 13:00:00.0,40,72.35
Melbourne Central,2010-09-04 14:00:00.0,72,68.41
Melbourne Central,2010-09-04 15:00:00.0,85,73.75
Melbourne Central,2010-09-04 16:00:00.0,57,71.23
Melbourne Central,2010-09-04 17:00:00.0,30,72.31
Melbourne Central,2010-09-04 18:00:00.0,0,29.88
Melbourne Central,2010-09-04 19:00:00.0,0,8.16
Melbourne Central,2010-09-04 20:00:00.0,0,37.0
Melbourne Central,2010-09-04 21:00:00.0,0,45.56
Melbourne Central,2010-09-04 22:00:00.0,0,45.75
Melbourne Central,2010-09-04 23:00:00.0,0,48.64
Melbourne Central,2010-09-05 00:00:00.0,0,42.56
Melbourne Central,2010-09-05 01:00:00.0,0,42.55
Melbourne Central,2010-09-05 02:00:00.0,0,8.12
Melbourne Central,2010-09-05 03:00:00.0,0,7.94
Melbourne Central,2010-09-05 04:00:00.0,0,7.91
Melbourne Central,2010-09-05 05:00:00.0,0,7.93
Melbourne Central,2010-09-05 06:00:00.0,0,7.85
Melbourne Central,2010-09-05 07:00:00.0,0,7.84
Melbourne Central,2010-09-05 08:00:00.0,0,7.84
Melbourne Central,2010-09-05 09:00:00.0,0,7.74
Melbourne Central,2010-09-05 10:00:00.0,0,9.39
Melbourne Central,2010-09-05 11:00:00.0,86,58.16
Melbourne Central,2010-09-05 12:00:00.0,79,81.84
Melbourne Central,2010-09-05 13:00:00.0,59,78.65
Melbourne Central,2010-09-05 14:00:00.0,48,71.41
Melbourne Central,2010-09-05 15:00:00.0,50,68.66
Melbourne Central,2010-09-05 16:00:00.0,66,71.74
Melbourne Central,2010-09-05 17:00:00.0,22,72.15
Melbourne Central,2010-09-05 18:00:00.0,0,34.12
Melbourne Central,2010-09-05 19:00:00.0,0,25.38
Melbourne Central,2010-09-05 20:00:00.0,0,49.13
Melbourne Central,2010-09-05 21:00:00.0,0,49.99
Melbourne Central,2010-09-05 22:00:00.0,0,48.27
Melbourne Central,2010-09-05 23:00:00.0,0,48.19
Melbourne Central,2010-09-06 00:00:00.0,0,19.04
Melbourne Central,2010-09-06 01:00:00.0,0,10.29
Melbourne Central,2010-09-06 02:00:00.0,0,10.27
Melbourne Central,2010-09-06 03:00:00.0,0,10.33
Melbourne Central,2010-09-06 04:00:00.0,0,10.4
Melbourne Central,2010-09-06 05:00:00.0,0,11.06
Melbourne Central,2010-09-06 06:00:00.0,77,68.4
Melbourne Central,2010-09-06 07:00:00.0,45,76.13
Melbourne Central,2010-09-06 08:00:00.0,46,68.18
Melbourne Central,2010-09-06 09:00:00.0,25,64.88
Melbourne Central,2010-09-06 10:00:00.0,26,66.91
Melbourne Central,2010-09-06 11:00:00.0,46,64.55
Melbourne Central,2010-09-06 12:00:00.0,136,69.38
Melbourne Central,2010-09-06 13:00:00.0,46,73.36
Melbourne Central,2010-09-06 14:00:00.0,35,68.17
Melbourne Central,2010-09-06 15:00:00.0,85,65.74
Melbourne Central,2010-09-06 16:00:00.0,111,68.54
Melbourne Central,2010-09-06 17:00:00.0,253,80.51
Melbourne Central,2010-09-06 18:00:00.0,230,81.05
Melbourne Central,2010-09-06 19:00:00.0,84,85.07
Melbourne Central,2010-09-06 20:00:00.0,10,75.09
Melbourne Central,2010-09-06 21:00:00.0,0,46.43
Melbourne Central,2010-09-06 22:00:00.0,0,45.85
Melbourne Central,2010-09-06 23:00:00.0,0,47.73
Melbourne Central,2010-09-07 00:00:00.0,0,41.34
Melbourne Central,2010-09-07 01:00:00.0,0,6.66
Melbourne Central,2010-09-07 02:00:00.0,0,6.67
Melbourne Central,2010-09-07 03:00:00.0,0,6.96
Melbourne Central,2010-09-07 04:00:00.0,0,6.63
Melbourne Central,2010-09-07 05:00:00.0,0,8.05
Melbourne Central,2010-09-07 06:00:00.0,106,71.51
Melbourne Central,2010-09-07 07:00:00.0,69,76.63
Melbourne Central,2010-09-07 08:00:00.0,35,65.71
Melbourne Central,2010-09-07 09:00:00.0,20,64.07
Melbourne Central,2010-09-07 10:00:00.0,28,65.79
Melbourne Central,2010-09-07 11:00:00.0,42,65.35
Melbourne Central,2010-09-07 12:00:00.0,117,68.38
Melbourne Central,2010-09-07 13:00:00.0,40,73.72
Melbourne Central,2010-09-07 14:00:00.0,45,69.08
Melbourne Central,2010-09-07 15:00:00.0,65,65.04
Melbourne Central,2010-09-07 16:00:00.0,98,70.6
Melbourne Central,2010-09-07 17:00:00.0,235,74.66
Melbourne Central,2010-09-07 18:00:00.0,227,82.41
Melbourne Central,2010-09-07 19:00:00.0,87,83.82
Melbourne Central,2010-09-07 20:00:00.0,20,74.32
Melbourne Central,2010-09-07 21:00:00.0,0,51.16
Melbourne Central,2010-09-07 22:00:00.0,0,47.76
Melbourne Central,2010-09-07 23:00:00.0,0,48.79
Melbourne Central,2010-09-08 00:00:00.0,0,45.43
Melbourne Central,2010-09-08 01:00:00.0,0,9.21
Melbourne Central,2010-09-08 02:00:00.0,0,8.95
Melbourne Central,2010-09-08 03:00:00.0,0,8.91
Melbourne Central,2010-09-08 04:00:00.0,0,9.07
Melbourne Central,2010-09-08 05:00:00.0,0,9.21
Melbourne Central,2010-09-08 06:00:00.0,81,57.2
Melbourne Central,2010-09-08 07:00:00.0,47,71.33
Melbourne Central,2010-09-08 08:00:00.0,38,64.81
Melbourne Central,2010-09-08 09:00:00.0,38,63.32
Melbourne Central,2010-09-08 10:00:00.0,23,64.57
Melbourne Central,2010-09-08 11:00:00.0,36,63.19
Melbourne Central,2010-09-08 12:00:00.0,111,71.58
Melbourne Central,2010-09-08 13:00:00.0,43,70.99
Melbourne Central,2010-09-08 14:00:00.0,37,64.8
Melbourne Central,2010-09-08 15:00:00.0,67,64.7
Melbourne Central,2010-09-08 16:00:00.0,126,66.16
Melbourne Central,2010-09-08 17:00:00.0,208,76.99
Melbourne Central,2010-09-08 18:00:00.0,222,81.73
Melbourne Central,2010-09-08 19:00:00.0,75,81.51
Melbourne Central,2010-09-08 20:00:00.0,22,73.72
Melbourne Central,2010-09-08 21:00:00.0,0,52.08
Melbourne Central,2010-09-08 22:00:00.0,0,46.89
Melbourne Central,2010-09-08 23:00:00.0,0,47.55
Melbourne Central,2010-09-09 00:00:00.0,0,44.23
Melbourne Central,2010-09-09 01:00:00.0,0,8.44
Melbourne Central,2010-09-09 02:00:00.0,0,7.92
Melbourne Central,2010-09-09 03:00:00.0,0,8.18
Melbourne Central,2010-09-09 04:00:00.0,0,7.79
Melbourne Central,2010-09-09 05:00:00.0,0,8.63
Melbourne Central,2010-09-09 06:00:00.0,85,61.79
Melbourne Central,2010-09-09 07:00:00.0,66,76.59
Melbourne Central,2010-09-09 08:00:00.0,35,68.53
Melbourne Central,2010-09-09 09:00:00.0,27,64.08
Melbourne Central,2010-09-09 10:00:00.0,34,62.92
Melbourne Central,2010-09-09 11:00:00.0,43,65.17
Melbourne Central,2010-09-09 12:00:00.0,99,67.68
Melbourne Central,2010-09-09 13:00:00.0,37,65.69
Melbourne Central,2010-09-09 14:00:00.0,48,66.02
Melbourne Central,2010-09-09 15:00:00.0,58,63.64
Melbourne Central,2010-09-09 16:00:00.0,115,70.95
Melbourne Central,2010-09-09 17:00:00.0,233,72.84
Melbourne Central,2010-09-09 18:00:00.0,180,82.26
Melbourne Central,2010-09-09 19:00:00.0,81,82.58
Melbourne Central,2010-09-09 20:00:00.0,10,73.33
Melbourne Central,2010-09-09 21:00:00.0,0,50.15
Melbourne Central,2010-09-09 22:00:00.0,0,47.23
Melbourne Central,2010-09-09 23:00:00.0,0,47.58
Melbourne Central,2010-09-10 00:00:00.0,0,39.5
Melbourne Central,2010-09-10 01:00:00.0,0,8.14
Melbourne Central,2010-09-10 02:00:00.0,0,7.78
Melbourne Central,2010-09-10 03:00:00.0,0,8.04
Melbourne Central,2010-09-10 04:00:00.0,0,7.68
Melbourne Central,2010-09-10 05:00:00.0,1,8.89
Melbourne Central,2010-09-10 06:00:00.0,67,72.88
Melbourne Central,2010-09-10 07:00:00.0,48,72.03
Melbourne Central,2010-09-10 08:00:00.0,33,72.8
Melbourne Central,2010-09-10 09:00:00.0,19,68.19
Melbourne Central,2010-09-10 10:00:00.0,22,64.92
Melbourne Central,2010-09-10 11:00:00.0,44,67.87
Melbourne Central,2010-09-10 12:00:00.0,94,69.27
Melbourne Central,2010-09-10 13:00:00.0,36,74.32
Melbourne Central,2010-09-10 14:00:00.0,38,65.16
Melbourne Central,2010-09-10 15:00:00.0,52,61.53
Melbourne Central,2010-09-10 16:00:00.0,79,64.96
Melbourne Central,2010-09-10 17:00:00.0,155,77.69
Melbourne Central,2010-09-10 18:00:00.0,110,78.3
Melbourne Central,2010-09-10 19:00:00.0,33,69.56
Melbourne Central,2010-09-10 20:00:00.0,11,64.29
Melbourne Central,2010-09-10 21:00:00.0,0,33.15
Melbourne Central,2010-09-10 22:00:00.0,0,45.39
Melbourne Central,2010-09-10 23:00:00.0,0,46.48
Melbourne Central,2010-09-11 00:00:00.0,0,48.05
Melbourne Central,2010-09-11 01:00:00.0,0,34.01
Melbourne Central,2010-09-11 02:00:00.0,0,7.82
Melbourne Central,2010-09-11 03:00:00.0,0,7.88
Melbourne Central,2010-09-11 04:00:00.0,0,7.92
Melbourne Central,2010-09-11 05:00:00.0,0,7.8
Melbourne Central,2010-09-11 06:00:00.0,0,7.84
Melbourne Central,2010-09-11 07:00:00.0,0,7.74
Melbourne Central,2010-09-11 08:00:00.0,0,8.17
Melbourne Central,2010-09-11 09:00:00.0,93,66.94
Melbourne Central,2010-09-11 10:00:00.0,80,75.62
Melbourne Central,2010-09-11 11:00:00.0,95,73.56
Melbourne Central,2010-09-11 12:00:00.0,73,79.17
Melbourne Central,2010-09-11 13:00:00.0,58,74.68
Melbourne Central,2010-09-11 14:00:00.0,76,71.11
Melbourne Central,2010-09-11 15:00:00.0,75,71.92
Melbourne Central,2010-09-11 16:00:00.0,75,70.85
Melbourne Central,2010-09-11 17:00:00.0,25,66.54
Melbourne Central,2010-09-11 18:00:00.0,0,49.49
Melbourne Central,2010-09-11 19:00:00.0,0,23.33
Melbourne Central,2010-09-11 20:00:00.0,0,9.79
Melbourne Central,2010-09-11 21:00:00.0,0,44.81
Melbourne Central,2010-09-11 22:00:00.0,0,45.07
Melbourne Central,2010-09-11 23:00:00.0,0,43.95
Melbourne Central,2010-09-12 00:00:00.0,0,47.38
Melbourne Central,2010-09-12 01:00:00.0,0,42.32
Melbourne Central,2010-09-12 02:00:00.0,0,7.16
Melbourne Central,2010-09-12 03:00:00.0,0,6.62
Melbourne Central,2010-09-12 04:00:00.0,0,6.61
Melbourne Central,2010-09-12 05:00:00.0,0,6.76
Melbourne Central,2010-09-12 06:00:00.0,0,6.55
Melbourne Central,2010-09-12 07:00:00.0,0,6.49
Melbourne Central,2010-09-12 08:00:00.0,0,6.75
Melbourne Central,2010-09-12 09:00:00.0,0,6.55
Melbourne Central,2010-09-12 10:00:00.0,0,8.13
Melbourne Central,2010-09-12 11:00:00.0,95,65.94
Melbourne Central,2010-09-12 12:00:00.0,79,77.78
Melbourne Central,2010-09-12 13:00:00.0,50,77.29
Melbourne Central,2010-09-12 14:00:00.0,40,76.56
Melbourne Central,2010-09-12 15:00:00.0,47,66.73
Melbourne Central,2010-09-12 16:00:00.0,72,70.1
Melbourne Central,2010-09-12 17:00:00.0,28,69.52
Melbourne Central,2010-09-12 18:00:00.0,0,49.48
Melbourne Central,2010-09-12 19:00:00.0,0,48.19
Melbourne Central,2010-09-12 20:00:00.0,0,46.6
Melbourne Central,2010-09-12 21:00:00.0,0,48.16
Melbourne Central,2010-09-12 22:00:00.0,0,47.49
Melbourne Central,2010-09-12 23:00:00.0,0,47.38
Melbourne Central,2010-09-13 00:00:00.0,0,31.74
Melbourne Central,2010-09-13 01:00:00.0,0,10.37
Melbourne Central,2010-09-13 02:00:00.0,0,10.42
Melbourne Central,2010-09-13 03:00:00.0,0,10.58
Melbourne Central,2010-09-13 04:00:00.0,0,10.64
Melbourne Central,2010-09-13 05:00:00.0,0,11.23
Melbourne Central,2010-09-13 06:00:00.0,79,66.54
Melbourne Central,2010-09-13 07:00:00.0,48,71.3
Melbourne Central,2010-09-13 08:00:00.0,34,66.05
Melbourne Central,2010-09-13 09:00:00.0,34,66.21
Melbourne Central,2010-09-13 10:00:00.0,23,65.9
Melbourne Central,2010-09-13 11:00:00.0,40,65.6
Melbourne Central,2010-09-13 12:00:00.0,133,70.62
Melbourne Central,2010-09-13 13:00:00.0,57,72.16
Melbourne Central,2010-09-13 14:00:00.0,46,66.73
Melbourne Central,2010-09-13 15:00:00.0,61,64.72
Melbourne Central,2010-09-13 16:00:00.0,118,68.14
Melbourne Central,2010-09-13 17:00:00.0,255,81.86
Melbourne Central,2010-09-13 18:00:00.0,245,82.79
Melbourne Central,2010-09-13 19:00:00.0,65,89.09
Melbourne Central,2010-09-13 20:00:00.0,13,73.24
Melbourne Central,2010-09-13 21:00:00.0,0,51.85
Melbourne Central,2010-09-13 22:00:00.0,0,47.49
Melbourne Central,2010-09-13 23:00:00.0,0,45.33
Melbourne Central,2010-09-14 00:00:00.0,0,47.14
Melbourne Central,2010-09-14 01:00:00.0,0,9.34
Melbourne Central,2010-09-14 02:00:00.0,0,8.45
Melbourne Central,2010-09-14 03:00:00.0,0,8.47
Melbourne Central,2010-09-14 04:00:00.0,0,8.42
Melbourne Central,2010-09-14 05:00:00.0,0,8.73
Melbourne Central,2010-09-14 06:00:00.0,103,69.23
Melbourne Central,2010-09-14 07:00:00.0,61,78.92
Melbourne Central,2010-09-14 08:00:00.0,30,68.91
Melbourne Central,2010-09-14 09:00:00.0,28,66.7
Melbourne Central,2010-09-14 10:00:00.0,32,64.32
Melbourne Central,2010-09-14 11:00:00.0,56,65.91
Melbourne Central,2010-09-14 12:00:00.0,123,71.75
Melbourne Central,2010-09-14 13:00:00.0,45,73.77
Melbourne Central,2010-09-14 14:00:00.0,43,69.67
Melbourne Central,2010-09-14 15:00:00.0,61,68.7
Melbourne Central,2010-09-14 16:00:00.0,114,70.71
Melbourne Central,2010-09-14 17:00:00.0,208,77.93
Melbourne Central,2010-09-14 18:00:00.0,214,83.86
Melbourne Central,2010-09-14 19:00:00.0,86,87.24
Melbourne Central,2010-09-14 20:00:00.0,16,76.53
Melbourne Central,2010-09-14 21:00:00.0,0,49.47
Melbourne Central,2010-09-14 22:00:00.0,0,49.6
Melbourne Central,2010-09-14 23:00:00.0,0,49.81
Melbourne Central,2010-09-15 00:00:00.0,0,35.6
Melbourne Central,2010-09-15 01:00:00.0,0,8.36
Melbourne Central,2010-09-15 02:00:00.0,0,8.35
Melbourne Central,2010-09-15 03:00:00.0,0,8.48
Melbourne Central,2010-09-15 04:00:00.0,0,8.59
Melbourne Central,2010-09-15 05:00:00.0,0,8.39
Melbourne Central,2010-09-15 06:00:00.0,92,63.41
Melbourne Central,2010-09-15 07:00:00.0,51,70.16
Melbourne Central,2010-09-15 08:00:00.0,36,65.82
Melbourne Central,2010-09-15 09:00:00.0,32,66.59
Melbourne Central,2010-09-15 10:00:00.0,17,63.93
Melbourne Central,2010-09-15 11:00:00.0,39,64.18
Melbourne Central,2010-09-15 12:00:00.0,133,70.28
Melbourne Central,2010-09-15 13:00:00.0,64,73.18
Melbourne Central,2010-09-15 14:00:00.0,40,67.57
Melbourne Central,2010-09-15 15:00:00.0,58,67.12
Melbourne Central,2010-09-15 16:00:00.0,112,72.41
Melbourne Central,2010-09-15 17:00:00.0,197,76.42
Melbourne Central,2010-09-15 18:00:00.0,195,84.5
Melbourne Central,2010-09-15 19:00:00.0,75,86.57
Melbourne Central,2010-09-15 20:00:00.0,16,76.95
Melbourne Central,2010-09-15 21:00:00.0,0,49.72
Melbourne Central,2010-09-15 22:00:00.0,0,48.42
Melbourne Central,2010-09-15 23:00:00.0,0,47.38
Melbourne Central,2010-09-16 00:00:00.0,0,41.66
Melbourne Central,2010-09-16 01:00:00.0,0,8.59
Melbourne Central,2010-09-16 02:00:00.0,0,8.35
Melbourne Central,2010-09-16 03:00:00.0,0,8.34
Melbourne Central,2010-09-16 04:00:00.0,0,8.37
Melbourne Central,2010-09-16 05:00:00.0,0,8.82
Melbourne Central,2010-09-16 06:00:00.0,98,71.6
Melbourne Central,2010-09-16 07:00:00.0,51,73.13
Melbourne Central,2010-09-16 08:00:00.0,31,66.94
Melbourne Central,2010-09-16 09:00:00.0,27,63.84
Melbourne Central,2010-09-16 10:00:00.0,29,65.71
Melbourne Central,2010-09-16 11:00:00.0,40,65.18
Melbourne Central,2010-09-16 12:00:00.0,111,69.66
Melbourne Central,2010-09-16 13:00:00.0,52,69.96
Melbourne Central,2010-09-16 14:00:00.0,33,66.12
Melbourne Central,2010-09-16 15:00:00.0,48,65.15
Melbourne Central,2010-09-16 16:00:00.0,125,69.84
Melbourne Central,2010-09-16 17:00:00.0,232,71.71
Melbourne Central,2010-09-16 18:00:00.0,180,82.82
Melbourne Central,2010-09-16 19:00:00.0,62,81.9
Melbourne Central,2010-09-16 20:00:00.0,18,75.41
Melbourne Central,2010-09-16 21:00:00.0,0,43.48
Melbourne Central,2010-09-16 22:00:00.0,0,46.17
Melbourne Central,2010-09-16 23:00:00.0,0,48.81
Melbourne Central,2010-09-17 00:00:00.0,0,44.14
Melbourne Central,2010-09-17 01:00:00.0,0,8.49
Melbourne Central,2010-09-17 02:00:00.0,0,8.71
Melbourne Central,2010-09-17 03:00:00.0,0,8.29
Melbourne Central,2010-09-17 04:00:00.0,0,8.84
Melbourne Central,2010-09-17 05:00:00.0,0,8.51
Melbourne Central,2010-09-17 06:00:00.0,75,59.63
Melbourne Central,2010-09-17 07:00:00.0,58,68.85
Melbourne Central,2010-09-17 08:00:00.0,25,65.89
Melbourne Central,2010-09-17 09:00:00.0,23,62.54
Melbourne Central,2010-09-17 10:00:00.0,29,61.31
Melbourne Central,2010-09-17 11:00:00.0,33,66.74
Melbourne Central,2010-09-17 12:00:00.0,134,67.13
Melbourne Central,2010-09-17 13:00:00.0,55,73.46
Melbourne Central,2010-09-17 14:00:00.0,39,71.7
Melbourne Central,2010-09-17 15:00:00.0,54,67.12
Melbourne Central,2010-09-17 16:00:00.0,77,63.63
Melbourne Central,2010-09-17 17:00:00.0,112,68.38
Melbourne Central,2010-09-17 18:00:00.0,97,72.59
Melbourne Central,2010-09-17 19:00:00.0,35,75.83
Melbourne Central,2010-09-17 20:00:00.0,10,68.01
Melbourne Central,2010-09-17 21:00:00.0,0,35.28
Melbourne Central,2010-09-17 22:00:00.0,0,42.37
Melbourne Central,2010-09-17 23:00:00.0,0,45.91
Melbourne Central,2010-09-18 00:00:00.0,0,48.62
Melbourne Central,2010-09-18 01:00:00.0,0,44.63
Melbourne Central,2010-09-18 02:00:00.0,0,12.99
Melbourne Central,2010-09-18 03:00:00.0,0,8.47
Melbourne Central,2010-09-18 04:00:00.0,0,8.54
Melbourne Central,2010-09-18 05:00:00.0,0,8.67
Melbourne Central,2010-09-18 06:00:00.0,0,8.15
Melbourne Central,2010-09-18 07:00:00.0,0,8.47
Melbourne Central,2010-09-18 08:00:00.0,0,8.55
Melbourne Central,2010-09-18 09:00:00.0,129,68.29
Melbourne Central,2010-09-18 10:00:00.0,59,75.58
Melbourne Central,2010-09-18 11:00:00.0,90,74.09
Melbourne Central,2010-09-18 12:00:00.0,77,77.41
Melbourne Central,2010-09-18 13:00:00.0,47,74.26
Melbourne Central,2010-09-18 14:00:00.0,86,74.66
Melbourne Central,2010-09-18 15:00:00.0,73,74.5
Melbourne Central,2010-09-18 16:00:00.0,68,73.57
Melbourne Central,2010-09-18 17:00:00.0,32,66.24
Melbourne Central,2010-09-18 18:00:00.0,0,35.51
Melbourne Central,2010-09-18 19:00:00.0,0,21.73
Melbourne Central,2010-09-18 20:00:00.0,0,44.88
Melbourne Central,2010-09-18 21:00:00.0,0,46.07
Melbourne Central,2010-09-18 22:00:00.0,0,45.7
Melbourne Central,2010-09-18 23:00:00.0,0,48.35
Melbourne Central,2010-09-19 00:00:00.0,0,37.06
Melbourne Central,2010-09-19 01:00:00.0,0,16.91
Melbourne Central,2010-09-19 02:00:00.0,0,7.16
Melbourne Central,2010-09-19 03:00:00.0,0,7.16
Melbourne Central,2010-09-19 04:00:00.0,0,6.96
Melbourne Central,2010-09-19 05:00:00.0,0,7.25
Melbourne Central,2010-09-19 06:00:00.0,0,7.04
Melbourne Central,2010-09-19 07:00:00.0,0,7.41
Melbourne Central,2010-09-19 08:00:00.0,0,6.99
Melbourne Central,2010-09-19 09:00:00.0,0,7.17
Melbourne Central,2010-09-19 10:00:00.0,0,8.12
Melbourne Central,2010-09-19 11:00:00.0,90,65.98
Melbourne Central,2010-09-19 12:00:00.0,87,80.36
Melbourne Central,2010-09-19 13:00:00.0,49,76.18
Melbourne Central,2010-09-19 14:00:00.0,44,73.44
Melbourne Central,2010-09-19 15:00:00.0,63,65.14
Melbourne Central,2010-09-19 16:00:00.0,52,64.06
Melbourne Central,2010-09-19 17:00:00.0,20,59.29
Melbourne Central,2010-09-19 18:00:00.0,0,47.36
Melbourne Central,2010-09-19 19:00:00.0,0,48.71
Melbourne Central,2010-09-19 20:00:00.0,0,50.06
Melbourne Central,2010-09-19 21:00:00.0,0,47.8
Melbourne Central,2010-09-19 22:00:00.0,0,48.59
Melbourne Central,2010-09-19 23:00:00.0,0,44.62
Melbourne Central,2010-09-20 00:00:00.0,0,18.46
Melbourne Central,2010-09-20 01:00:00.0,0,9.47
Melbourne Central,2010-09-20 02:00:00.0,0,9.36
Melbourne Central,2010-09-20 03:00:00.0,0,9.43
Melbourne Central,2010-09-20 04:00:00.0,0,10.57
Melbourne Central,2010-09-20 05:00:00.0,0,22.05
Melbourne Central,2010-09-20 06:00:00.0,61,50.3
Melbourne Central,2010-09-20 07:00:00.0,42,69.12
Melbourne Central,2010-09-20 08:00:00.0,24,61.22
Melbourne Central,2010-09-20 09:00:00.0,28,62.8
Melbourne Central,2010-09-20 10:00:00.0,23,60.18
Melbourne Central,2010-09-20 11:00:00.0,39,59.76
Melbourne Central,2010-09-20 12:00:00.0,131,67.57
Melbourne Central,2010-09-20 13:00:00.0,56,73.39
Melbourne Central,2010-09-20 14:00:00.0,45,70.2
Melbourne Central,2010-09-20 15:00:00.0,80,64.46
Melbourne Central,2010-09-20 16:00:00.0,112,67.26
Melbourne Central,2010-09-20 17:00:00.0,244,80.35
Melbourne Central,2010-09-20 18:00:00.0,199,82.54
Melbourne Central,2010-09-20 19:00:00.0,72,88.61
Melbourne Central,2010-09-20 20:00:00.0,9,72.3
Melbourne Central,2010-09-20 21:00:00.0,0,46.88
Melbourne Central,2010-09-20 22:00:00.0,0,46.08
Melbourne Central,2010-09-20 23:00:00.0,0,48.99
Melbourne Central,2010-09-21 00:00:00.0,0,37.46
Melbourne Central,2010-09-21 01:00:00.0,0,8.53
Melbourne Central,2010-09-21 02:00:00.0,0,8.45
Melbourne Central,2010-09-21 03:00:00.0,0,8.65
Melbourne Central,2010-09-21 04:00:00.0,0,8.66
Melbourne Central,2010-09-21 05:00:00.0,0,9.77
Melbourne Central,2010-09-21 06:00:00.0,77,58.54
Melbourne Central,2010-09-21 07:00:00.0,54,71.95
Melbourne Central,2010-09-21 08:00:00.0,38,65.78
Melbourne Central,2010-09-21 09:00:00.0,32,62.49
Melbourne Central,2010-09-21 10:00:00.0,23,61.14
Melbourne Central,2010-09-21 11:00:00.0,49,63.47
Melbourne Central,2010-09-21 12:00:00.0,111,70.34
Melbourne Central,2010-09-21 13:00:00.0,53,72.72
Melbourne Central,2010-09-21 14:00:00.0,38,70.19
Melbourne Central,2010-09-21 15:00:00.0,55,65.22
Melbourne Central,2010-09-21 16:00:00.0,101,67.3
Melbourne Central,2010-09-21 17:00:00.0,254,75.86
Melbourne Central,2010-09-21 18:00:00.0,214,81.61
Melbourne Central,2010-09-21 19:00:00.0,81,83.13
Melbourne Central,2010-09-21 20:00:00.0,14,71.11
Melbourne Central,2010-09-21 21:00:00.0,0,48.23
Melbourne Central,2010-09-21 22:00:00.0,0,45.94
Melbourne Central,2010-09-21 23:00:00.0,0,48.6
Melbourne Central,2010-09-22 00:00:00.0,0,41.84
Melbourne Central,2010-09-22 01:00:00.0,0,8.42
Melbourne Central,2010-09-22 02:00:00.0,0,8.23
Melbourne Central,2010-09-22 03:00:00.0,0,8.44
Melbourne Central,2010-09-22 04:00:00.0,0,8.29
Melbourne Central,2010-09-22 05:00:00.0,0,9.81
Melbourne Central,2010-09-22 06:00:00.0,97,66.68
Melbourne Central,2010-09-22 07:00:00.0,47,74.57
Melbourne Central,2010-09-22 08:00:00.0,25,69.23
Melbourne Central,2010-09-22 09:00:00.0,33,65.94
Melbourne Central,2010-09-22 10:00:00.0,20,66.38
Melbourne Central,2010-09-22 11:00:00.0,45,67.08
Melbourne Central,2010-09-22 12:00:00.0,109,70.44
Melbourne Central,2010-09-22 13:00:00.0,45,76.8
Melbourne Central,2010-09-22 14:00:00.0,34,63.7
Melbourne Central,2010-09-22 15:00:00.0,66,63.56
Melbourne Central,2010-09-22 16:00:00.0,125,68.72
Melbourne Central,2010-09-22 17:00:00.0,235,78.0
Melbourne Central,2010-09-22 18:00:00.0,180,85.25
Melbourne Central,2010-09-22 19:00:00.0,59,79.38
Melbourne Central,2010-09-22 20:00:00.0,14,75.41
Melbourne Central,2010-09-22 21:00:00.0,0,48.96
Melbourne Central,2010-09-22 22:00:00.0,0,55.04
Melbourne Central,2010-09-22 23:00:00.0,0,55.82
Melbourne Central,2010-09-23 00:00:00.0,0,48.68
Melbourne Central,2010-09-23 01:00:00.0,0,15.07
Melbourne Central,2010-09-23 02:00:00.0,0,15.34
Melbourne Central,2010-09-23 03:00:00.0,0,15.12
Melbourne Central,2010-09-23 04:00:00.0,0,15.46
Melbourne Central,2010-09-23 05:00:00.0,0,15.79
Melbourne Central,2010-09-23 06:00:00.0,91,65.16
Melbourne Central,2010-09-23 07:00:00.0,54,77.42
Melbourne Central,2010-09-23 08:00:00.0,34,69.64
Melbourne Central,2010-09-23 09:00:00.0,29,67.28
Melbourne Central,2010-09-23 10:00:00.0,35,65.31
Melbourne Central,2010-09-23 11:00:00.0,41,67.6
Melbourne Central,2010-09-23 12:00:00.0,107,70.64
Melbourne Central,2010-09-23 13:00:00.0,43,73.15
Melbourne Central,2010-09-23 14:00:00.0,23,64.32
Melbourne Central,2010-09-23 15:00:00.0,49,64.39
Melbourne Central,2010-09-23 16:00:00.0,109,67.97
Melbourne Central,2010-09-23 17:00:00.0,213,69.49
Melbourne Central,2010-09-23 18:00:00.0,162,80.42
Melbourne Central,2010-09-23 19:00:00.0,77,81.51
Melbourne Central,2010-09-23 20:00:00.0,22,76.07
Melbourne Central,2010-09-23 21:00:00.0,2,51.1
Melbourne Central,2010-09-23 22:00:00.0,0,47.0
Melbourne Central,2010-09-23 23:00:00.0,0,48.72
Melbourne Central,2010-09-24 00:00:00.0,0,44.38
Melbourne Central,2010-09-24 01:00:00.0,0,10.04
Melbourne Central,2010-09-24 02:00:00.0,0,9.58
Melbourne Central,2010-09-24 03:00:00.0,0,9.55
Melbourne Central,2010-09-24 04:00:00.0,0,9.52
Melbourne Central,2010-09-24 05:00:00.0,0,9.66
Melbourne Central,2010-09-24 06:00:00.0,72,71.89
Melbourne Central,2010-09-24 07:00:00.0,53,74.63
Melbourne Central,2010-09-24 08:00:00.0,31,71.76
Melbourne Central,2010-09-24 09:00:00.0,25,67.88
Melbourne Central,2010-09-24 10:00:00.0,34,68.94
Melbourne Central,2010-09-24 11:00:00.0,54,64.42
Melbourne Central,2010-09-24 12:00:00.0,97,69.19
Melbourne Central,2010-09-24 13:00:00.0,40,73.94
Melbourne Central,2010-09-24 14:00:00.0,41,68.25
Melbourne Central,2010-09-24 15:00:00.0,49,63.89
Melbourne Central,2010-09-24 16:00:00.0,74,67.3
Melbourne Central,2010-09-24 17:00:00.0,137,75.08
Melbourne Central,2010-09-24 18:00:00.0,100,75.66
Melbourne Central,2010-09-24 19:00:00.0,49,71.93
Melbourne Central,2010-09-24 20:00:00.0,12,63.79
Melbourne Central,2010-09-24 21:00:00.0,0,49.28
Melbourne Central,2010-09-24 22:00:00.0,0,45.7
Melbourne Central,2010-09-24 23:00:00.0,0,46.33
Melbourne Central,2010-09-25 00:00:00.0,0,48.35
Melbourne Central,2010-09-25 01:00:00.0,0,43.98
Melbourne Central,2010-09-25 02:00:00.0,0,9.07
Melbourne Central,2010-09-25 03:00:00.0,0,8.3
Melbourne Central,2010-09-25 04:00:00.0,0,8.34
Melbourne Central,2010-09-25 05:00:00.0,0,8.65
Melbourne Central,2010-09-25 06:00:00.0,0,8.38
Melbourne Central,2010-09-25 07:00:00.0,0,8.4
Melbourne Central,2010-09-25 08:00:00.0,0,8.61
Melbourne Central,2010-09-25 09:00:00.0,117,66.78
Melbourne Central,2010-09-25 10:00:00.0,75,78.46
Melbourne Central,2010-09-25 11:00:00.0,81,75.7
Melbourne Central,2010-09-25 12:00:00.0,60,75.31
Melbourne Central,2010-09-25 13:00:00.0,40,68.57
Melbourne Central,2010-09-25 14:00:00.0,41,69.74
Melbourne Central,2010-09-25 15:00:00.0,52,71.52
Melbourne Central,2010-09-25 16:00:00.0,41,73.71
Melbourne Central,2010-09-25 17:00:00.0,13,69.65
Melbourne Central,2010-09-25 18:00:00.0,0,42.68
Melbourne Central,2010-09-25 19:00:00.0,0,22.16
Melbourne Central,2010-09-25 20:00:00.0,0,46.17
Melbourne Central,2010-09-25 21:00:00.0,0,46.81
Melbourne Central,2010-09-25 22:00:00.0,0,46.47
Melbourne Central,2010-09-25 23:00:00.0,0,46.95
Melbourne Central,2010-09-26 00:00:00.0,0,36.5
Melbourne Central,2010-09-26 01:00:00.0,0,46.48
Melbourne Central,2010-09-26 02:00:00.0,0,10.74
Melbourne Central,2010-09-26 03:00:00.0,0,8.23
Melbourne Central,2010-09-26 04:00:00.0,0,8.47
Melbourne Central,2010-09-26 05:00:00.0,0,8.47
Melbourne Central,2010-09-26 06:00:00.0,0,8.35
Melbourne Central,2010-09-26 07:00:00.0,0,8.25
Melbourne Central,2010-09-26 08:00:00.0,0,8.29
Melbourne Central,2010-09-26 09:00:00.0,0,8.21
Melbourne Central,2010-09-26 10:00:00.0,0,9.95
Melbourne Central,2010-09-26 11:00:00.0,83,62.79
Melbourne Central,2010-09-26 12:00:00.0,79,76.27
Melbourne Central,2010-09-26 13:00:00.0,72,79.76
Melbourne Central,2010-09-26 14:00:00.0,41,74.18
Melbourne Central,2010-09-26 15:00:00.0,49,64.3
Melbourne Central,2010-09-26 16:00:00.0,51,69.33
Melbourne Central,2010-09-26 17:00:00.0,24,66.61
Melbourne Central,2010-09-26 18:00:00.0,0,40.21
Melbourne Central,2010-09-26 19:00:00.0,0,20.25
Melbourne Central,2010-09-26 20:00:00.0,0,47.53
Melbourne Central,2010-09-26 21:00:00.0,0,47.84
Melbourne Central,2010-09-26 22:00:00.0,0,46.99
Melbourne Central,2010-09-26 23:00:00.0,0,36.99
Melbourne Central,2010-09-27 00:00:00.0,0,17.74
Melbourne Central,2010-09-27 01:00:00.0,0,8.48
Melbourne Central,2010-09-27 02:00:00.0,0,8.46
Melbourne Central,2010-09-27 03:00:00.0,0,8.42
Melbourne Central,2010-09-27 04:00:00.0,0,8.66
Melbourne Central,2010-09-27 05:00:00.0,0,9.12
Melbourne Central,2010-09-27 06:00:00.0,68,61.86
Melbourne Central,2010-09-27 07:00:00.0,55,74.28
Melbourne Central,2010-09-27 08:00:00.0,24,69.88
Melbourne Central,2010-09-27 09:00:00.0,27,68.45
Melbourne Central,2010-09-27 10:00:00.0,45,69.56
Melbourne Central,2010-09-27 11:00:00.0,48,72.81
Melbourne Central,2010-09-27 12:00:00.0,119,70.9
Melbourne Central,2010-09-27 13:00:00.0,41,72.19
Melbourne Central,2010-09-27 14:00:00.0,45,67.0
Melbourne Central,2010-09-27 15:00:00.0,58,64.46
Melbourne Central,2010-09-27 16:00:00.0,113,69.28
Melbourne Central,2010-09-27 17:00:00.0,269,79.54
Melbourne Central,2010-09-27 18:00:00.0,254,82.01
Melbourne Central,2010-09-27 19:00:00.0,81,89.52
Melbourne Central,2010-09-27 20:00:00.0,7,73.08
Melbourne Central,2010-09-27 21:00:00.0,1,44.92
Melbourne Central,2010-09-27 22:00:00.0,0,46.93
Melbourne Central,2010-09-27 23:00:00.0,0,47.67
Melbourne Central,2010-09-28 00:00:00.0,0,39.21
Melbourne Central,2010-09-28 01:00:00.0,0,8.29
Melbourne Central,2010-09-28 02:00:00.0,0,8.41
Melbourne Central,2010-09-28 03:00:00.0,0,8.68
Melbourne Central,2010-09-28 04:00:00.0,0,8.17
Melbourne Central,2010-09-28 05:00:00.0,0,8.98
Melbourne Central,2010-09-28 06:00:00.0,99,55.31
Melbourne Central,2010-09-28 07:00:00.0,65,68.13
Melbourne Central,2010-09-28 08:00:00.0,40,64.34
Melbourne Central,2010-09-28 09:00:00.0,33,61.03
Melbourne Central,2010-09-28 10:00:00.0,20,57.35
Melbourne Central,2010-09-28 11:00:00.0,49,58.08
Melbourne Central,2010-09-28 12:00:00.0,103,67.96
Melbourne Central,2010-09-28 13:00:00.0,52,75.94
Melbourne Central,2010-09-28 14:00:00.0,38,70.53
Melbourne Central,2010-09-28 15:00:00.0,46,63.75
Melbourne Central,2010-09-28 16:00:00.0,108,73.98
Melbourne Central,2010-09-28 17:00:00.0,221,78.43
Melbourne Central,2010-09-28 18:00:00.0,210,80.33
Melbourne Central,2010-09-28 19:00:00.0,91,83.98
Melbourne Central,2010-09-28 20:00:00.0,20,74.23
Melbourne Central,2010-09-28 21:00:00.0,0,48.96
Melbourne Central,2010-09-28 22:00:00.0,0,46.52
Melbourne Central,2010-09-28 23:00:00.0,0,47.43
Melbourne Central,2010-09-29 00:00:00.0,0,36.15
Melbourne Central,2010-09-29 01:00:00.0,0,7.35
Melbourne Central,2010-09-29 02:00:00.0,0,7.26
Melbourne Central,2010-09-29 03:00:00.0,0,7.2
Melbourne Central,2010-09-29 04:00:00.0,0,7.05
Melbourne Central,2010-09-29 05:00:00.0,0,7.97
Melbourne Central,2010-09-29 06:00:00.0,85,65.58
Melbourne Central,2010-09-29 07:00:00.0,54,70.96
Melbourne Central,2010-09-29 08:00:00.0,33,72.07
Melbourne Central,2010-09-29 09:00:00.0,23,70.77
Melbourne Central,2010-09-29 10:00:00.0,29,68.66
Melbourne Central,2010-09-29 11:00:00.0,52,65.88
Melbourne Central,2010-09-29 12:00:00.0,117,72.88
Melbourne Central,2010-09-29 13:00:00.0,38,72.69
Melbourne Central,2010-09-29 14:00:00.0,38,66.07
Melbourne Central,2010-09-29 15:00:00.0,59,62.33
Melbourne Central,2010-09-29 16:00:00.0,131,69.77
Melbourne Central,2010-09-29 17:00:00.0,219,80.67
Melbourne Central,2010-09-29 18:00:00.0,195,85.66
Melbourne Central,2010-09-29 19:00:00.0,70,82.41
Melbourne Central,2010-09-29 20:00:00.0,15,70.7
Melbourne Central,2010-09-29 21:00:00.0,0,48.59
Melbourne Central,2010-09-29 22:00:00.0,0,45.94
Melbourne Central,2010-09-29 23:00:00.0,0,48.67
Melbourne Central,2010-09-30 00:00:00.0,0,20.2
Melbourne Central,2010-09-30 01:00:00.0,0,8.15
Melbourne Central,2010-09-30 02:00:00.0,0,8.23
Melbourne Central,2010-09-30 03:00:00.0,0,8.65
Melbourne Central,2010-09-30 04:00:00.0,0,8.3
Melbourne Central,2010-09-30 05:00:00.0,1,8.95
Melbourne Central,2010-09-30 06:00:00.0,91,69.3
Melbourne Central,2010-09-30 07:00:00.0,52,74.3
Melbourne Central,2010-09-30 08:00:00.0,27,65.19
Melbourne Central,2010-09-30 09:00:00.0,35,64.07
Melbourne Central,2010-09-30 10:00:00.0,31,63.36
Melbourne Central,2010-09-30 11:00:00.0,39,63.73
Melbourne Central,2010-09-30 12:00:00.0,87,66.55
Melbourne Central,2010-09-30 13:00:00.0,38,66.24
Melbourne Central,2010-09-30 14:00:00.0,42,66.41
Melbourne Central,2010-09-30 15:00:00.0,53,70.99
Melbourne Central,2010-09-30 16:00:00.0,102,68.44
Melbourne Central,2010-09-30 17:00:00.0,215,73.4
Melbourne Central,2010-09-30 18:00:00.0,160,81.58
Melbourne Central,2010-09-30 19:00:00.0,90,80.52
Melbourne Central,2010-09-30 20:00:00.0,20,71.68
Melbourne Central,2010-09-30 21:00:00.0,0,51.44
Melbourne Central,2010-09-30 22:00:00.0,0,46.6
Melbourne Central,2010-09-30 23:00:00.0,0,50.07
Melbourne Central,2010-10-01 00:00:00.0,0,23.15
Melbourne Central,2010-10-01 01:00:00.0,0,8.47
Melbourne Central,2010-10-01 02:00:00.0,0,8.38
Melbourne Central,2010-10-01 03:00:00.0,0,8.28
Melbourne Central,2010-10-01 04:00:00.0,0,8.8
Melbourne Central,2010-10-01 05:00:00.0,0,9.32
Melbourne Central,2010-10-01 06:00:00.0,75,73.03
Melbourne Central,2010-10-01 07:00:00.0,54,72.64
Melbourne Central,2010-10-01 08:00:00.0,32,71.38
Melbourne Central,2010-10-01 09:00:00.0,32,69.6
Melbourne Central,2010-10-01 10:00:00.0,27,72.08
Melbourne Central,2010-10-01 11:00:00.0,47,70.99
Melbourne Central,2010-10-01 12:00:00.0,95,70.92
Melbourne Central,2010-10-01 13:00:00.0,52,78.42
Melbourne Central,2010-10-01 14:00:00.0,33,69.22
Melbourne Central,2010-10-01 15:00:00.0,48,65.83
Melbourne Central,2010-10-01 16:00:00.0,86,65.26
Melbourne Central,2010-10-01 17:00:00.0,157,75.0
Melbourne Central,2010-10-01 18:00:00.0,100,81.37
Melbourne Central,2010-10-01 19:00:00.0,56,70.75
Melbourne Central,2010-10-01 20:00:00.0,13,53.04
Melbourne Central,2010-10-01 21:00:00.0,0,47.29
Melbourne Central,2010-10-01 22:00:00.0,0,38.1
Melbourne Central,2010-10-01 23:00:00.0,0,45.99
Melbourne Central,2010-10-02 00:00:00.0,0,46.82
Melbourne Central,2010-10-02 01:00:00.0,0,15.72
Melbourne Central,2010-10-02 02:00:00.0,0,8.03
Melbourne Central,2010-10-02 03:00:00.0,0,8.25
Melbourne Central,2010-10-02 04:00:00.0,0,8.38
Melbourne Central,2010-10-02 05:00:00.0,0,8.56
Melbourne Central,2010-10-02 06:00:00.0,0,8.02
Melbourne Central,2010-10-02 07:00:00.0,0,8.45
Melbourne Central,2010-10-02 08:00:00.0,0,26.64
Melbourne Central,2010-10-02 09:00:00.0,115,57.77
Melbourne Central,2010-10-02 10:00:00.0,70,76.38
Melbourne Central,2010-10-02 11:00:00.0,63,74.92
Melbourne Central,2010-10-02 12:00:00.0,79,73.53
Melbourne Central,2010-10-02 13:00:00.0,36,70.92
Melbourne Central,2010-10-02 14:00:00.0,43,66.2
Melbourne Central,2010-10-02 15:00:00.0,59,70.26
Melbourne Central,2010-10-02 16:00:00.0,50,70.69
Melbourne Central,2010-10-02 17:00:00.0,15,51.06
Melbourne Central,2010-10-02 18:00:00.0,0,44.44
Melbourne Central,2010-10-02 19:00:00.0,0,10.76
Melbourne Central,2010-10-02 20:00:00.0,0,24.85
Melbourne Central,2010-10-02 21:00:00.0,0,46.67
Melbourne Central,2010-10-02 22:00:00.0,0,45.26
Melbourne Central,2010-10-02 23:00:00.0,0,46.97
Melbourne Central,2010-10-03 00:00:00.0,0,39.11
Melbourne Central,2010-10-03 01:00:00.0,0,45.63
Melbourne Central,2010-10-03 02:00:00.0,0,8.56
Melbourne Central,2010-10-03 03:00:00.0,0,8.31
Melbourne Central,2010-10-03 04:00:00.0,0,8.52
Melbourne Central,2010-10-03 05:00:00.0,0,8.18
Melbourne Central,2010-10-03 06:00:00.0,0,8.33
Melbourne Central,2010-10-03 07:00:00.0,0,8.45
Melbourne Central,2010-10-03 08:00:00.0,0,8.22
Melbourne Central,2010-10-03 09:00:00.0,0,10.09
Melbourne Central,2010-10-03 10:00:00.0,0,66.76
Melbourne Central,2010-10-03 11:00:00.0,73,74.36
Melbourne Central,2010-10-03 12:00:00.0,63,72.99
Melbourne Central,2010-10-03 13:00:00.0,66,72.91
Melbourne Central,2010-10-03 14:00:00.0,40,73.97
Melbourne Central,2010-10-03 15:00:00.0,49,65.85
Melbourne Central,2010-10-03 16:00:00.0,48,63.7
Melbourne Central,2010-10-03 17:00:00.0,23,41.49
Melbourne Central,2010-10-03 18:00:00.0,0,31.34
Melbourne Central,2010-10-03 19:00:00.0,0,48.0
Melbourne Central,2010-10-03 20:00:00.0,0,48.93
Melbourne Central,2010-10-03 21:00:00.0,0,47.94
Melbourne Central,2010-10-03 22:00:00.0,0,28.34
Melbourne Central,2010-10-03 23:00:00.0,0,8.28
Melbourne Central,2010-10-04 00:00:00.0,0,8.5
Melbourne Central,2010-10-04 01:00:00.0,0,8.39
Melbourne Central,2010-10-04 02:00:00.0,0,8.29
Melbourne Central,2010-10-04 03:00:00.0,0,8.69
Melbourne Central,2010-10-04 04:00:00.0,0,9.35
Melbourne Central,2010-10-04 05:00:00.0,0,69.11
Melbourne Central,2010-10-04 06:00:00.0,72,70.67
Melbourne Central,2010-10-04 07:00:00.0,39,64.04
Melbourne Central,2010-10-04 08:00:00.0,24,62.89
Melbourne Central,2010-10-04 09:00:00.0,20,63.86
Melbourne Central,2010-10-04 10:00:00.0,22,62.56
Melbourne Central,2010-10-04 11:00:00.0,45,72.15
Melbourne Central,2010-10-04 12:00:00.0,131,78.67
Melbourne Central,2010-10-04 13:00:00.0,46,73.73
Melbourne Central,2010-10-04 14:00:00.0,34,65.69
Melbourne Central,2010-10-04 15:00:00.0,57,66.4
Melbourne Central,2010-10-04 16:00:00.0,119,80.23
Melbourne Central,2010-10-04 17:00:00.0,229,89.1
Melbourne Central,2010-10-04 18:00:00.0,231,88.41
Melbourne Central,2010-10-04 19:00:00.0,74,75.24
Melbourne Central,2010-10-04 20:00:00.0,25,50.32
Melbourne Central,2010-10-04 21:00:00.0,0,47.05
Melbourne Central,2010-10-04 22:00:00.0,0,49.75
Melbourne Central,2010-10-04 23:00:00.0,0,28.63
Melbourne Central,2010-10-05 00:00:00.0,0,8.41
Melbourne Central,2010-10-05 01:00:00.0,0,8.39
Melbourne Central,2010-10-05 02:00:00.0,0,8.44
Melbourne Central,2010-10-05 03:00:00.0,0,8.43
Melbourne Central,2010-10-05 04:00:00.0,0,9.64
Melbourne Central,2010-10-05 05:00:00.0,0,61.08
Melbourne Central,2010-10-05 06:00:00.0,102,73.84
Melbourne Central,2010-10-05 07:00:00.0,67,67.53
Melbourne Central,2010-10-05 08:00:00.0,26,62.75
Melbourne Central,2010-10-05 09:00:00.0,33,62.3
Melbourne Central,2010-10-05 10:00:00.0,27,65.29
Melbourne Central,2010-10-05 11:00:00.0,43,73.16
Melbourne Central,2010-10-05 12:00:00.0,109,71.79
Melbourne Central,2010-10-05 13:00:00.0,34,67.3
Melbourne Central,2010-10-05 14:00:00.0,49,65.76
Melbourne Central,2010-10-05 15:00:00.0,68,72.53
Melbourne Central,2010-10-05 16:00:00.0,110,74.88
Melbourne Central,2010-10-05 17:00:00.0,227,82.15
Melbourne Central,2010-10-05 18:00:00.0,190,84.41
Melbourne Central,2010-10-05 19:00:00.0,100,73.44
Melbourne Central,2010-10-05 20:00:00.0,20,49.64
Melbourne Central,2010-10-05 21:00:00.0,0,46.58
Melbourne Central,2010-10-05 22:00:00.0,0,48.94
Melbourne Central,2010-10-05 23:00:00.0,0,29.02
Melbourne Central,2010-10-06 00:00:00.0,0,8.46
Melbourne Central,2010-10-06 01:00:00.0,0,8.36
Melbourne Central,2010-10-06 02:00:00.0,0,8.52
Melbourne Central,2010-10-06 03:00:00.0,0,8.42
Melbourne Central,2010-10-06 04:00:00.0,0,10.26
Melbourne Central,2010-10-06 05:00:00.0,0,70.61
Melbourne Central,2010-10-06 06:00:00.0,101,76.81
Melbourne Central,2010-10-06 07:00:00.0,54,69.75
Melbourne Central,2010-10-06 08:00:00.0,32,67.72
Melbourne Central,2010-10-06 09:00:00.0,23,67.52
Melbourne Central,2010-10-06 10:00:00.0,29,67.9
Melbourne Central,2010-10-06 11:00:00.0,43,74.59
Melbourne Central,2010-10-06 12:00:00.0,121,78.12
Melbourne Central,2010-10-06 13:00:00.0,41,68.62
Melbourne Central,2010-10-06 14:00:00.0,34,69.25
Melbourne Central,2010-10-06 15:00:00.0,58,68.25
Melbourne Central,2010-10-06 16:00:00.0,127,81.99
Melbourne Central,2010-10-06 17:00:00.0,201,84.3
Melbourne Central,2010-10-06 18:00:00.0,195,86.62
Melbourne Central,2010-10-06 19:00:00.0,76,69.94
Melbourne Central,2010-10-06 20:00:00.0,18,49.2
Melbourne Central,2010-10-06 21:00:00.0,0,47.16
Melbourne Central,2010-10-06 22:00:00.0,0,49.77
Melbourne Central,2010-10-06 23:00:00.0,0,29.19
Melbourne Central,2010-10-07 00:00:00.0,0,8.53
Melbourne Central,2010-10-07 01:00:00.0,0,8.44
Melbourne Central,2010-10-07 02:00:00.0,0,8.47
Melbourne Central,2010-10-07 03:00:00.0,0,8.41
Melbourne Central,2010-10-07 04:00:00.0,0,8.92
Melbourne Central,2010-10-07 05:00:00.0,0,59.71
Melbourne Central,2010-10-07 06:00:00.0,100,73.81
Melbourne Central,2010-10-07 07:00:00.0,65,64.92
Melbourne Central,2010-10-07 08:00:00.0,30,63.94
Melbourne Central,2010-10-07 09:00:00.0,30,64.17
Melbourne Central,2010-10-07 10:00:00.0,35,62.89
Melbourne Central,2010-10-07 11:00:00.0,34,69.6
Melbourne Central,2010-10-07 12:00:00.0,102,71.52
Melbourne Central,2010-10-07 13:00:00.0,50,72.03
Melbourne Central,2010-10-07 14:00:00.0,38,64.32
Melbourne Central,2010-10-07 15:00:00.0,62,67.59
Melbourne Central,2010-10-07 16:00:00.0,111,71.29
Melbourne Central,2010-10-07 17:00:00.0,246,81.28
Melbourne Central,2010-10-07 18:00:00.0,172,80.25
Melbourne Central,2010-10-07 19:00:00.0,84,76.75
Melbourne Central,2010-10-07 20:00:00.0,29,50.64
Melbourne Central,2010-10-07 21:00:00.0,0,47.13
Melbourne Central,2010-10-07 22:00:00.0,0,48.39
Melbourne Central,2010-10-07 23:00:00.0,0,42.96
Melbourne Central,2010-10-08 00:00:00.0,0,18.19
Melbourne Central,2010-10-08 01:00:00.0,0,8.47
Melbourne Central,2010-10-08 02:00:00.0,0,8.43
Melbourne Central,2010-10-08 03:00:00.0,0,8.3
Melbourne Central,2010-10-08 04:00:00.0,0,12.0
Melbourne Central,2010-10-08 05:00:00.0,0,72.22
Melbourne Central,2010-10-08 06:00:00.0,68,73.49
Melbourne Central,2010-10-08 07:00:00.0,63,71.51
Melbourne Central,2010-10-08 08:00:00.0,42,70.35
Melbourne Central,2010-10-08 09:00:00.0,25,69.54
Melbourne Central,2010-10-08 10:00:00.0,34,68.4
Melbourne Central,2010-10-08 11:00:00.0,36,72.02
Melbourne Central,2010-10-08 12:00:00.0,112,82.41
Melbourne Central,2010-10-08 13:00:00.0,44,66.85
Melbourne Central,2010-10-08 14:00:00.0,33,66.05
Melbourne Central,2010-10-08 15:00:00.0,52,68.84
Melbourne Central,2010-10-08 16:00:00.0,75,75.44
Melbourne Central,2010-10-08 17:00:00.0,156,84.38
Melbourne Central,2010-10-08 18:00:00.0,102,72.77
Melbourne Central,2010-10-08 19:00:00.0,53,65.58
Melbourne Central,2010-10-08 20:00:00.0,20,52.47
Melbourne Central,2010-10-08 21:00:00.0,0,44.34
Melbourne Central,2010-10-08 22:00:00.0,0,47.31
Melbourne Central,2010-10-08 23:00:00.0,0,48.11
Melbourne Central,2010-10-09 00:00:00.0,0,39.48
Melbourne Central,2010-10-09 01:00:00.0,0,8.2
Melbourne Central,2010-10-09 02:00:00.0,0,8.22
Melbourne Central,2010-10-09 03:00:00.0,0,8.51
Melbourne Central,2010-10-09 04:00:00.0,0,8.31
Melbourne Central,2010-10-09 05:00:00.0,0,8.29
Melbourne Central,2010-10-09 06:00:00.0,0,8.29
Melbourne Central,2010-10-09 07:00:00.0,0,9.09
Melbourne Central,2010-10-09 08:00:00.0,0,69.82
Melbourne Central,2010-10-09 09:00:00.0,115,79.55
Melbourne Central,2010-10-09 10:00:00.0,72,72.91
Melbourne Central,2010-10-09 11:00:00.0,79,72.48
Melbourne Central,2010-10-09 12:00:00.0,83,71.79
Melbourne Central,2010-10-09 13:00:00.0,42,67.92
Melbourne Central,2010-10-09 14:00:00.0,60,73.76
Melbourne Central,2010-10-09 15:00:00.0,74,71.28
Melbourne Central,2010-10-09 16:00:00.0,74,67.63
Melbourne Central,2010-10-09 17:00:00.0,31,51.72
Melbourne Central,2010-10-09 18:00:00.0,0,15.67
Melbourne Central,2010-10-09 19:00:00.0,0,26.22
Melbourne Central,2010-10-09 20:00:00.0,0,46.47
Melbourne Central,2010-10-09 21:00:00.0,0,43.84
Melbourne Central,2010-10-09 22:00:00.0,0,46.54
Melbourne Central,2010-10-09 23:00:00.0,0,45.06
Melbourne Central,2010-10-10 00:00:00.0,0,39.08
Melbourne Central,2010-10-10 01:00:00.0,0,38.03
Melbourne Central,2010-10-10 02:00:00.0,0,8.34
Melbourne Central,2010-10-10 03:00:00.0,0,8.23
Melbourne Central,2010-10-10 04:00:00.0,0,8.26
Melbourne Central,2010-10-10 05:00:00.0,0,8.35
Melbourne Central,2010-10-10 06:00:00.0,0,8.36
Melbourne Central,2010-10-10 07:00:00.0,0,8.23
Melbourne Central,2010-10-10 08:00:00.0,0,8.22
Melbourne Central,2010-10-10 09:00:00.0,0,13.26
Melbourne Central,2010-10-10 10:00:00.0,1,62.07
Melbourne Central,2010-10-10 11:00:00.0,104,71.63
Melbourne Central,2010-10-10 12:00:00.0,73,72.64
Melbourne Central,2010-10-10 13:00:00.0,59,69.25
Melbourne Central,2010-10-10 14:00:00.0,31,62.46
Melbourne Central,2010-10-10 15:00:00.0,47,60.74
Melbourne Central,2010-10-10 16:00:00.0,50,56.58
Melbourne Central,2010-10-10 17:00:00.0,14,42.07
Melbourne Central,2010-10-10 18:00:00.0,0,36.47
Melbourne Central,2010-10-10 19:00:00.0,0,46.84
Melbourne Central,2010-10-10 20:00:00.0,0,49.87
Melbourne Central,2010-10-10 21:00:00.0,0,45.87
Melbourne Central,2010-10-10 22:00:00.0,0,30.18
Melbourne Central,2010-10-10 23:00:00.0,0,8.19
Melbourne Central,2010-10-11 00:00:00.0,0,8.75
Melbourne Central,2010-10-11 01:00:00.0,0,8.26
Melbourne Central,2010-10-11 02:00:00.0,0,8.3
Melbourne Central,2010-10-11 03:00:00.0,0,8.64
Melbourne Central,2010-10-11 04:00:00.0,0,9.69
Melbourne Central,2010-10-11 05:00:00.0,0,64.03
Melbourne Central,2010-10-11 06:00:00.0,78,72.52
Melbourne Central,2010-10-11 07:00:00.0,43,66.97
Melbourne Central,2010-10-11 08:00:00.0,29,62.64
Melbourne Central,2010-10-11 09:00:00.0,34,62.71
Melbourne Central,2010-10-11 10:00:00.0,25,62.64
Melbourne Central,2010-10-11 11:00:00.0,42,69.9
Melbourne Central,2010-10-11 12:00:00.0,128,79.83
Melbourne Central,2010-10-11 13:00:00.0,45,71.55
Melbourne Central,2010-10-11 14:00:00.0,42,68.73
Melbourne Central,2010-10-11 15:00:00.0,68,70.1
Melbourne Central,2010-10-11 16:00:00.0,127,80.78
Melbourne Central,2010-10-11 17:00:00.0,247,86.16
Melbourne Central,2010-10-11 18:00:00.0,245,91.32
Melbourne Central,2010-10-11 19:00:00.0,90,79.33
Melbourne Central,2010-10-11 20:00:00.0,24,49.98
Melbourne Central,2010-10-11 21:00:00.0,0,47.4
Melbourne Central,2010-10-11 22:00:00.0,0,49.93
Melbourne Central,2010-10-11 23:00:00.0,0,26.69
Melbourne Central,2010-10-12 00:00:00.0,0,8.35
Melbourne Central,2010-10-12 01:00:00.0,0,8.37
Melbourne Central,2010-10-12 02:00:00.0,0,8.46
Melbourne Central,2010-10-12 03:00:00.0,0,8.44
Melbourne Central,2010-10-12 04:00:00.0,0,10.12
Melbourne Central,2010-10-12 05:00:00.0,0,78.57
Melbourne Central,2010-10-12 06:00:00.0,108,79.03
Melbourne Central,2010-10-12 07:00:00.0,68,72.73
Melbourne Central,2010-10-12 08:00:00.0,27,68.54
Melbourne Central,2010-10-12 09:00:00.0,24,67.64
Melbourne Central,2010-10-12 10:00:00.0,31,66.63
Melbourne Central,2010-10-12 11:00:00.0,33,72.2
Melbourne Central,2010-10-12 12:00:00.0,132,74.73
Melbourne Central,2010-10-12 13:00:00.0,57,72.64
Melbourne Central,2010-10-12 14:00:00.0,28,68.2
Melbourne Central,2010-10-12 15:00:00.0,55,71.03
Melbourne Central,2010-10-12 16:00:00.0,107,79.12
Melbourne Central,2010-10-12 17:00:00.0,211,82.81
Melbourne Central,2010-10-12 18:00:00.0,188,82.66
Melbourne Central,2010-10-12 19:00:00.0,59,72.96
Melbourne Central,2010-10-12 20:00:00.0,23,49.31
Melbourne Central,2010-10-12 21:00:00.0,0,47.21
Melbourne Central,2010-10-12 22:00:00.0,0,50.54
Melbourne Central,2010-10-12 23:00:00.0,0,32.67
Melbourne Central,2010-10-13 00:00:00.0,0,8.52
Melbourne Central,2010-10-13 01:00:00.0,0,8.45
Melbourne Central,2010-10-13 02:00:00.0,0,8.37
Melbourne Central,2010-10-13 03:00:00.0,0,8.28
Melbourne Central,2010-10-13 04:00:00.0,0,10.15
Melbourne Central,2010-10-13 05:00:00.0,1,61.75
Melbourne Central,2010-10-13 06:00:00.0,103,72.41
Melbourne Central,2010-10-13 07:00:00.0,58,68.34
Melbourne Central,2010-10-13 08:00:00.0,32,63.62
Melbourne Central,2010-10-13 09:00:00.0,31,62.27
Melbourne Central,2010-10-13 10:00:00.0,29,61.68
Melbourne Central,2010-10-13 11:00:00.0,51,68.06
Melbourne Central,2010-10-13 12:00:00.0,109,76.98
Melbourne Central,2010-10-13 13:00:00.0,40,67.16
Melbourne Central,2010-10-13 14:00:00.0,37,69.81
Melbourne Central,2010-10-13 15:00:00.0,63,73.08
Melbourne Central,2010-10-13 16:00:00.0,136,79.46
Melbourne Central,2010-10-13 17:00:00.0,196,83.11
Melbourne Central,2010-10-13 18:00:00.0,202,87.79
Melbourne Central,2010-10-13 19:00:00.0,108,72.73
Melbourne Central,2010-10-13 20:00:00.0,21,51.73
Melbourne Central,2010-10-13 21:00:00.0,0,46.87
Melbourne Central,2010-10-13 22:00:00.0,0,47.23
Melbourne Central,2010-10-13 23:00:00.0,0,39.41
