f0, f1
string, string
, 
H, F
T, R
X, C
K, A
F, N
A, YX
Q, O
F, P
V, A
U, S
I, E
Y, I
C, YY
W, P
U, S
N, Z
J, O
V, Q
W, P
S, B
F, H
C, XX
C, XX
Q, J
J, F
G, Y
Q, P
E, XX
E, XX
Z, Q
O, R
V, U
F, A
I, G
F, Y
W, I
R, K
X, L
G, G
O, G
P, X
K, F
Z, N
C, YY
C, XX
U, K
B, XX
Z, N
Z, W
A, XX
R, N
G, Q
C, XX
L, Y
W, G
N, E
X, W
H, Q
P, D
T, O
U, N
A, XX
A, XY
W, V
H, B
W, Y
C, XX
B, XX
T, D
M, O
G, W
L, F
O, S
F, I
Z, Q
L, N
D, XX
I, P
F, F
B, XX
F, X
W, B
G, R
F, D
Y, O
M, U
U, E
C, XX
L, M
S, R
Z, C
K, I
W, G
E, XX
K, H
G, Y
L, W
O, B
Z, V
Z, Y
W, E
M, F
K, B
J, Z
G, U
L, K
Y, Z
O, S
E, XX
Z, P
O, T
B, XX
N, W
E, XY
C, YX
P, R
G, D
X, G
P, Q
K, P
N, Y
F, S
G, K
R, H
I, T
B, XX
Z, Z
B, XX
G, Y
W, W
J, E
V, S
P, Z
R, A
V, H
R, Y
D, YX
C, XX
H, P
S, F
Q, G
M, X
V, C
L, H
A, XX
Q, G
T, O
L, A
B, XX
X, O
V, P
D, YX
I, X
U, W
X, F
G, C
U, W
K, Q
E, XY
W, Z
V, W
A, XX
I, Y
U, W
V, G
U, C
W, W
F, V
L, H
U, F
A, YX
I, W
Z, H
Q, K
Z, N
Y, C
Z, E
Z, G
C, XX
S, I
P, N
K, O
G, S
A, XY
N, S
T, R
J, B
R, I
I, W
S, H
I, K
K, H
D, XX
Y, R
X, Q
H, O
A, XX
L, P
R, M
L, F
M, X
U, E
C, XX
Q, I
V, T
R, F
F, A
G, M
W, B
K, Q
F, S
M, G
R, A
T, U
C, XX
E, XY
N, B
G, W
L, U
R, Z
P, Y
X, P
S, N
V, O
X, T
M, G
G, Q
T, N
Q, H
C, XX
H, I
O, D
G, S
S, B
K, O
K, F
K, X
P, S
W, T
J, A
J, T
W, Y
K, T
O, P
F, F
L, A
I, R
K, E
M, D
Q, A
K, O
A, XX
D, XX
B, XX
F, I
T, J
T, V
G, C
A, XX
Z, J
Q, U
Q, T
Y, F
A, YX
D, XX
O, F
S, T
E, XX
T, C
V, Z
C, YY
I, R
Y, K
S, B
R, Q
C, XX
W, P
D, XY
U, J
L, J
N, I
W, V
C, XY
Q, V
S, L
T, Z
H, V
N, M
L, T
G, W
V, C
W, G
M, P
J, A
W, E
F, U
I, W
S, H
A, XY
C, XX
M, T
R, Q
M, U
C, XX
R, H
P, M
N, L
T, I
S, H
G, D
F, D
N, T
E, XX
M, S
Z, N
H, C
F, F
E, YY
N, H
Z, O
S, D
W, M
W, O
M, L
E, YY
Y, M
V, K
B, XX
B, YX
O, H
Z, D
T, P
U, F
N, L
L, W
Z, H
Q, P
T, Y
F, F
R, E
E, YY
A, XX
P, H
G, S
S, L
R, Y
U, Q
R, Y
L, O
Q, X
V, B
E, XX
T, O
H, D
R, S
Y, N
M, C
B, XX
I, G
C, XY
V, O
Y, Z
R, H
B, XX
M, Q
X, E
P, Q
M, C
J, I
R, W
I, S
H, Y
V, O
L, I
I, Z
K, N
Z, R
O, K
E, XX
T, Q
T, F
O, Y
L, S
D, XY
P, G
E, XX
O, C
Z, X
L, D
V, M
S, N
H, V
Z, G
O, J
X, N
W, W
H, U
K, Y
N, V
H, H
P, Z
M, D
O, I
O, O
L, I
E, XX
O, G
U, B
T, S
V, K
R, V
Z, M
A, XX
P, W
W, L
N, L
S, K
R, E
M, Z
I, S
Q, W
W, W
J, I
S, T
W, A
B, XX
X, Z
T, L
C, XX
W, L
S, X
B, XX
H, J
D, XX
O, U
E, YY
W, Q
G, X
D, XX
G, G
A, XX
X, R
E, XX
I, P
Q, L
G, V
F, K
M, G
O, O
Z, H
Z, R
H, O
R, T
B, XX
M, X
H, U
P, J
Q, Q
R, S
R, V
Q, X
Q, I
L, P
T, C
H, T
E, YX
O, Z
N, X
V, G
V, M
U, T
I, C
Z, D
Z, W
S, Z
Z, U
J, U
A, XX
L, R
R, P
V, Y
C, XX
A, XX
O, X
F, B
V, X
H, K
D, XY
H, M
C, XX
D, XX
R, T
Y, K
T, E
K, C
M, K
Y, A
J, L
Y, W
C, XX
O, Z
J, K
E, YX
W, L
R, Q
P, A
U, G
D, XX
B, XX
F, F
W, I
D, XY
A, XX
D, YX
G, E
R, A
A, XX
G, I
E, YY
T, N
T, M
U, N
C, XX
Y, B
U, W
N, L
Z, B
M, K
R, M
X, B
C, XX
B, XX
Q, O
I, Z
N, L
P, C
S, W
Q, T
S, F
L, F
I, L
K, C
L, R
J, D
X, B
V, C
C, XX
V, O
P, O
I, D
J, R
T, W
S, Z
P, J
P, F
R, F
C, XX
J, T
O, U
V, Z
V, P
Q, A
Y, V
G, E
S, I
I, A
W, O
K, D
Q, A
T, F
K, I
J, S
U, O
C, YY
E, XX
R, H
R, M
L, H
T, C
L, H
R, M
R, B
K, P
A, XX
F, D
G, I
A, XX
E, XX
S, N
V, U
B, XX
B, YY
X, W
O, O
S, K
C, YY
I, U
Q, V
X, C
V, G
P, N
K, I
I, I
E, XX
C, XX
X, J
S, V
V, G
D, YX
P, T
R, E
U, M
T, T
L, Y
O, Q
Q, W
Q, D
B, XX
H, H
B, XX
I, L
B, XX
B, XX
W, P
N, M
O, U
X, L
V, Q
I, M
D, YY
C, XX
I, S
N, E
G, L
L, N
E, XX
H, K
I, P
U, Q
B, YY
R, H
S, R
X, W
I, P
D, XX
Z, S
K, P
Y, I
J, U
V, R
V, T
R, N
Q, L
J, J
E, XX
Y, M
F, D
C, XX
C, XX
V, W
A, XX
T, D
J, E
V, U
V, E
L, K
R, G
L, H
T, L
N, I
V, M
V, J
Y, Z
M, H
J, N
Z, V
U, D
G, Q
W, O
C, XX
W, H
T, H
X, D
L, Y
F, L
J, A
B, XX
G, Z
J, A
Y, V
Q, U
D, XX
V, S
D, XX
L, A
C, XX
V, O
S, N
C, XX
H, B
K, U
L, C
X, P
A, XX
G, D
L, P
G, K
R, C
Z, B
N, N
Z, O
K, M
Q, Z
G, A
U, I
T, Q
U, T
I, B
O, V
E, XX
M, S
Q, V
B, XX
L, H
B, YX
B, XY
N, Z
O, G
T, E
J, U
W, I
D, XX
X, T
X, K
Z, M
M, Y
N, U
S, C
P, V
O, I
C, XX
H, P
L, R
J, B
W, J
Z, H
Z, Y
B, XX
J, U
R, Y
D, XX
U, A
B, XX
J, J
O, P
R, Y
J, T
O, N
K, Q
G, C
T, M
K, O
G, G
L, Z
H, X
M, D
W, L
X, L
C, XX
V, I
J, B
O, X
W, S
Y, Q
U, N
D, XX
D, XX
A, XX
J, U
O, P
C, XX
Z, S
N, T
V, B
Z, Q
L, R
I, W
U, Q
E, XY
L, X
B, YX
D, YX
I, S
I, Y
X, V
G, Q
O, D
H, N
N, E
Y, E
R, S
P, V
O, V
A, YY
Q, O
Q, T
K, Q
M, Q
H, Y
M, U
R, H
B, YY
L, M
F, P
I, S
T, W
Z, D
J, O
I, M
G, G
C, XX
J, P
G, W
E, XX
P, I
T, M
N, M
I, A
Y, N
Z, F
J, B
M, W
R, M
N, W
L, W
S, T
J, K
O, F
O, B
N, T
H, Z
R, D
Z, K
U, I
Y, T
F, N
N, B
D, XX
M, L
P, N
I, P
E, XY
T, H
I, V
N, S
H, V
J, R
Z, P
U, S
R, A
M, Z
U, U
P, S
P, E
Q, Q
V, D
R, A
Y, C
A, XX
D, XX
K, U
X, W
T, B
D, XX
I, R
N, I
E, XY
I, J
U, S
Q, S
P, E
G, O
F, Z
H, H
F, S
I, J
Y, U
H, D
R, J
Z, V
Y, U
H, H
S, J
L, G
M, F
O, Y
S, D
Q, P
G, R
N, Q
B, XX
S, C
U, A
O, Y
K, Y
W, M
F, Z
I, Q
X, C
O, N
S, Y
X, E
W, E
X, Z
K, M
Y, Z
Y, W
A, XX
C, XY
H, Z
O, M
Y, W
M, F
C, YX
L, G
E, XX
U, O
T, E
W, X
V, N
C, XX
E, YX
I, G
G, G
T, Y
H, S
A, XX
S, B
D, XX
K, N
X, S
I, D
X, H
P, F
D, YX
T, P
K, O
M, N
R, F
G, T
W, C
L, S
C, XX
B, XX
N, O
D, XX
N, D
F, P
C, XX
V, L
N, L
B, XX
U, S
K, V
T, P
B, XX
B, XY
Y, B
Y, A
K, T
T, Z
Q, K
Z, J
W, X
J, R
R, O
Q, J
E, XX
N, S
F, A
A, XX
R, O
N, V
G, J
H, Y
S, C
V, K
T, W
A, XX
C, YY
P, S
B, XX
K, G
F, W
B, XX
H, V
T, I
P, R
I, H
D, XX
F, H
B, XY
W, X
Q, L
M, Z
Y, R
U, I
K, D
J, T
M, W
H, S
U, X
O, Z
O, D
G, F
Q, X
W, C
S, E
G, R
P, W
E, XX
S, O
M, W
I, Y
A, XY
Z, D
Z, M
G, P
F, X
O, U
J, N
J, G
N, M
C, XY
M, V
X, J
K, O
F, D
G, Y
P, K
D, XX
J, V
M, R
R, G
V, Z
Q, M
E, XX
E, XX
M, X
O, Q
B, YY
W, Y
R, T
K, V
G, S
A, XX
J, Q
R, Q
M, M
A, XX
A, XX
H, Z
A, XX
R, U
X, C
C, YX
E, XX
V, G
K, J
K, O
Z, F
R, W
Q, W
T, C
J, O
B, YY
E, XX
L, U
O, W
C, XX
B, XX
W, X
M, B
B, XY
X, O
A, XY
I, Y
P, T
S, K
C, YX
G, V
K, X
I, T
D, XY
S, N
Z, B
L, V
I, T
Y, K
U, A
H, Z
M, J
Y, L
R, R
C, XX
U, S
C, YX
S, Q
T, I
C, YY
I, J
H, D
E, XX
O, K
A, XX
C, XX
I, K
H, K
C, XY
X, Z
O, E
J, D
H, M
B, XX
K, M
B, XX
G, Q
P, F
C, XX
Y, I
Q, U
I, I
V, W
Z, D
I, Y
F, I
Z, Z
H, S
M, O
G, J
V, K
C, XX
P, O
R, O
Y, M
S, L
H, S
V, U
K, M
Q, G
R, S
U, B
Z, M
K, N
X, R
O, U
J, X
N, Q
C, XX
R, J
Q, B
Z, R
K, T
Z, L
A, XX
N, N
P, O
L, K
U, P
N, I
A, YX
K, Z
D, XY
D, XX
L, F
M, M
L, S
I, H
V, C
W, Q
R, E
Z, G
E, YX
O, Y
G, K
E, XX
L, A
P, F
P, K
S, F
T, V
B, YX
W, E
I, L
G, W
N, Q
P, P
P, J
V, Q
V, S
H, P
C, YX
D, XX
E, XX
N, K
D, XX
E, XX
S, Q
Z, O
M, D
I, L
B, XX
A, YX
V, Z
N, M
R, K
V, M
C, YY
T, H
H, N
E, XX
T, T
O, C
C, XX
V, J
V, B
S, O
Z, C
V, T
H, Z
L, J
V, L
Z, U
G, V
P, J
S, Q
E, YX
F, F
B, XX
H, O
I, S
H, G
W, Z
R, C
Z, U
X, Z
W, D
W, G
S, V
T, R
M, P
G, K
L, Q
W, C
N, H
Y, J
Y, I
A, XX
T, T
L, R
J, B
N, F
L, F
G, V
I, P
O, M
I, R
B, YY
U, L
D, XX
L, A
Y, F
R, D
Q, E
Y, H
R, G
J, X
E, XX
H, S
G, R
S, A
M, D
F, R
A, XX
V, Z
K, D
B, XX
S, C
I, W
D, XX
T, D
Z, D
N, A
Q, L
S, Q
D, XX
R, W
C, YX
T, P
J, Z
I, D
H, C
O, P
P, U
R, W
R, H
N, N
T, H
B, XX
Y, M
C, XX
P, N
Z, Z
Y, D
W, O
J, R
T, Y
U, A
B, XX
B, YY
U, N
Q, N
K, S
C, XX
Q, H
I, N
F, V
N, K
Q, V
R, B
S, S
W, B
C, XX
L, P
I, T
T, D
S, S
E, XY
N, U
S, E
D, XX
G, X
U, A
U, H
B, XX
O, C
L, J
M, O
J, G
C, XX
S, F
N, B
W, G
M, J
D, XY
W, O
X, T
K, I
K, S
H, C
J, N
X, E
U, Z
Y, B
M, H
V, I
O, A
F, O
H, Q
M, P
M, U
F, X
T, G
A, XX
G, J
V, W
Y, A
R, W
S, C
N, G
M, B
Z, S
C, XY
X, N
S, J
Z, C
C, YX
V, B
O, L
Z, G
G, I
U, S
T, I
H, B
F, U
P, E
E, XX
K, N
Z, F
I, G
D, YX
R, V
S, B
V, I
C, XX
J, N
R, G
Z, A
K, L
T, G
M, U
D, YY
V, Z
D, XX
J, Q
Q, P
G, V
A, YY
X, L
D, XY
V, I
B, XX
E, XX
V, K
A, XX
E, XX
E, XX
W, A
Q, G
H, K
O, B
H, D
F, X
N, Q
U, U
Z, U
J, O
M, X
N, K
E, XX
F, X
U, B
Z, N
T, Z
Z, C
R, G
V, X
B, XY
F, W
U, J
V, V
E, XX
U, S
X, A
S, Y
O, O
E, XY
W, M
I, M
C, XX
F, N
A, XY
F, D
S, X
V, I
A, XX
X, U
W, W
Y, J
Y, K
C, XX
D, YX
Y, U
Y, Q
E, XY
S, Y
U, F
P, E
H, R
D, XX
Y, Y
K, Z
Z, A
P, X
Z, F
O, Y
D, XX
G, Z
E, XX
C, XX
Q, X
L, G
G, B
G, C
A, XX
T, Z
W, M
J, O
C, XX
W, Q
R, E
B, XX
H, I
Y, B
E, XX
T, O
X, C
P, P
M, A
Y, E
X, E
C, XX
E, XX
S, S
G, H
G, B
O, V
D, XX
L, H
R, P
F, A
E, XX
C, XX
I, K
M, R
C, XX
E, XX
J, L
G, M
F, G
B, XX
R, C
I, O
Z, P
O, V
V, K
N, W
M, W
M, C
X, S
N, X
U, R
Q, D
T, E
Z, Z
V, D
L, Z
L, Z
Q, V
G, X
X, B
K, K
I, H
L, W
U, Q
N, K
K, D
P, T
Y, Y
O, C
H, N
I, K
J, M
P, A
H, D
P, S
B, XX
I, G
T, X
X, A
V, H
H, M
S, C
W, D
Z, L
V, H
K, Q
E, XX
V, T
T, W
V, N
E, XX
N, D
W, W
A, YX
V, V
G, L
X, S
H, V
N, Q
D, YY
J, P
E, XX
P, J
E, XX
T, R
H, K
E, XX
Z, W
Q, R
G, K
A, XX
T, A
X, Q
P, A
G, U
H, Z
Q, L
J, J
G, M
R, V
K, C
N, R
V, J
Q, P
H, C
B, XY
Q, W
G, S
X, H
D, XX
X, U
U, P
R, R
S, R
Z, G
K, K
A, XX
O, E
S, F
N, U
X, R
N, V
V, W
E, YY
D, XX
V, T
E, XX
I, C
J, T
H, U
I, G
H, W
M, W
P, Y
B, XX
N, W
J, H
B, XX
D, XX
K, O
X, L
I, S
U, M
Q, E
Q, A
H, T
E, XX
M, T
C, XX
Q, K
Z, J
A, YX
J, A
I, V
E, XX
Q, G
S, I
D, XX
P, E
V, H
H, S
P, I
X, Z
I, X
J, E
Y, X
K, F
S, D
T, P
E, XX
Q, A
W, G
N, B
Z, R
Q, A
R, K
J, O
M, D
S, Q
H, R
R, H
P, D
V, C
S, D
C, YX
F, F
G, N
F, S
H, B
M, F
Y, I
A, XX
X, V
R, D
C, XX
S, C
G, G
Z, H
M, C
E, YY
H, U
I, T
C, XX
B, XX
R, E
J, L
Q, W
C, XX
E, XX
Z, H
K, W
U, Q
U, C
S, B
Y, E
K, P
U, R
E, XX
J, A
R, V
Z, D
X, C
K, B
G, I
S, R
T, O
O, Z
R, I
N, S
C, XX
G, I
R, K
V, O
Z, B
Q, E
W, W
W, B
M, G
Z, B
F, Q
K, G
L, U
L, W
L, D
M, Q
C, XX
O, A
C, XX
Q, H
N, F
R, Y
J, B
F, L
O, Q
M, R
S, C
T, F
I, V
Z, H
N, S
B, YX
D, XX
S, C
P, E
Y, K
L, U
S, C
K, Y
V, P
U, L
R, Y
D, XX
N, B
Y, V
M, N
X, E
P, S
D, XX
P, W
N, K
Z, X
T, H
Z, Z
L, D
K, S
T, H
S, W
S, Y
Q, F
Q, H
I, R
Z, Q
Y, N
S, I
D, XX
M, O
R, K
T, V
H, W
V, N
A, YX
R, F
T, E
H, G
V, R
H, T
A, XX
C, XX
T, W
T, O
G, U
U, H
R, Y
K, Y
Z, I
O, A
G, Q
U, W
V, X
S, Q
T, O
P, U
Z, H
E, XX
E, YX
N, J
L, O
D, XX
G, I
S, E
D, XX
B, XY
Q, R
M, O
J, U
I, F
E, YY
N, K
N, C
F, F
I, J
F, T
N, Z
V, Z
A, XX
L, X
P, Q
Y, R
I, X
Y, K
O, H
X, V
J, U
L, B
X, F
N, Y
E, XY
N, A
B, XX
U, W
L, C
N, S
Z, U
Q, Y
T, D
L, I
C, YY
U, O
O, F
G, K
Q, L
A, XX
N, Q
Q, T
P, S
B, XY
C, XX
H, C
T, L
K, R
M, N
D, XX
U, O
Y, D
R, X
U, S
J, Y
O, O
D, YY
P, N
Y, H
T, X
I, K
Q, N
E, XX
V, F
E, XX
W, W
Y, Z
L, O
H, B
C, XX
M, I
D, XX
C, XX
X, I
L, Q
H, P
O, J
I, L
A, XX
F, T
L, V
D, XX
W, M
J, H
O, E
P, V
W, D
O, G
X, B
B, YY
N, A
P, K
P, X
O, O
Z, M
U, J
F, U
T, H
M, N
K, N
R, W
U, P
E, XX
L, E
Y, R
Z, T
M, J
F, M
B, XX
B, XX
X, J
M, L
B, XY
I, S
N, V
V, G
O, E
Q, J
Q, V
N, J
X, N
J, W
M, M
P, N
D, YX
C, XX
F, E
J, S
D, XX
V, S
M, M
F, E
V, A
B, XX
E, XX
B, XX
B, XX
E, XY
P, O
A, XX
R, H
C, XX
Z, W
E, XX
P, U
V, E
R, G
S, I
L, P
F, K
C, XX
W, N
K, D
C, XX
P, B
U, N
D, XX
D, XX
V, X
U, Q
N, J
B, XX
F, U
U, J
P, T
T, S
C, YX
M, G
W, H
W, K
E, XX
U, P
D, YY
R, R
I, J
E, XX
G, W
L, J
H, R
T, K
U, M
J, O
G, H
I, S
T, W
R, T
L, S
E, XX
K, I
O, S
S, E
Z, A
C, YX
Y, L
B, XX
C, YY
J, Z
P, N
S, P
Y, V
Q, L
F, R
U, H
A, XX
N, G
E, YY
G, A
E, XY
U, J
K, P
N, T
B, YY
H, V
X, J
Z, H
P, F
Y, O
G, K
C, YY
H, Y
U, Y
W, V
O, S
Z, O
U, T
Y, L
L, P
A, YX
B, XX
Z, R
F, I
Y, N
A, XX
G, C
R, V
B, XY
M, J
X, G
Y, R
X, M
F, T
W, F
F, G
Q, E
C, XY
R, R
P, T
O, B
M, Q
M, Z
X, W
M, Z
X, H
F, O
B, XX
M, O
N, K
R, E
Z, S
L, R
A, XX
P, I
P, G
O, G
M, P
J, M
F, S
J, W
H, E
D, XX
F, C
H, G
L, J
D, XY
D, XX
E, XX
Z, W
N, S
U, H
O, O
K, R
B, XX
M, Q
L, I
J, O
Y, G
A, YX
W, Z
F, O
Q, E
U, J
R, M
T, X
J, H
Q, D
E, XX
I, Q
O, W
B, YX
F, I
H, G
Q, H
L, W
J, P
Z, K
E, YY
S, R
Y, S
C, YX
C, YY
W, O
A, XX
T, C
G, E
R, X
I, G
H, Q
D, XX
A, XX
W, I
M, Z
O, H
L, Z
S, E
P, Q
Q, O
N, Q
I, J
O, U
L, J
G, H
A, XX
W, I
M, A
X, Y
M, A
L, H
G, A
J, K
O, K
E, XX
K, J
G, K
G, T
X, U
R, H
T, V
K, W
E, XX
Q, Q
H, Q
E, YY
B, XX
E, YX
G, S
S, G
D, XX
I, I
U, Z
M, U
I, V
Y, B
U, B
M, E
V, V
V, D
T, G
U, L
T, A
L, U
N, Z
M, R
I, I
Q, B
Y, N
G, Q
F, X
W, F
C, XX
I, E
H, D
U, A
B, XX
M, P
J, C
E, YY
Q, Y
Z, Q
B, XX
S, U
D, XX
Z, U
T, U
L, F
R, J
D, XX
M, L
H, S
E, YX
J, T
H, V
X, O
B, YX
H, G
J, A
Q, J
E, YY
W, U
G, S
R, O
K, N
M, O
P, I
Q, C
N, B
V, D
W, F
M, C
O, V
R, N
S, G
J, P
B, XY
F, M
X, C
U, B
O, Y
K, J
S, V
G, B
B, XX
Y, Y
C, XX
N, E
N, G
Q, E
T, K
C, XX
J, L
R, W
E, YX
K, I
E, XY
L, J
I, Z
I, J
T, L
S, P
O, F
T, Y
G, Z
L, K
S, Z
P, N
Z, H
H, F
W, A
V, R
H, O
O, Y
E, YY
J, D
J, P
G, V
C, XX
X, T
S, U
E, XX
R, O
X, P
H, T
O, C
B, XX
J, V
K, W
W, F
Q, P
A, XX
J, H
B, XX
D, XX
F, B
T, K
L, P
N, F
H, K
D, YY
O, B
K, C
N, U
D, YX
O, M
Q, F
Q, T
G, B
U, I
Y, C
R, L
J, I
P, A
H, Z
Q, Z
L, D
B, XX
F, J
T, W
C, YY
Y, Y
W, V
A, XX
C, XX
A, XX
N, F
N, G
M, S
D, XX
A, XX
R, B
E, XX
U, Q
B, XX
A, XX
H, W
R, W
A, XX
Q, G
J, Z
C, XX
W, N
E, XX
L, Y
A, XX
N, I
K, E
J, J
Q, G
Z, N
V, Q
W, X
V, A
O, H
D, XX
R, C
J, Y
P, Q
F, G
D, XY
X, I
O, F
D, XX
U, W
I, S
N, D
Z, Z
D, XY
X, I
O, Y
D, XX
W, S
T, W
K, K
L, Y
X, Y
H, U
C, YX
T, P
G, O
G, G
R, J
R, M
N, P
S, J
W, M
D, YX
A, XX
A, XX
K, T
Z, T
B, XY
Z, W
M, I
L, G
K, B
T, J
I, P
T, P
N, W
U, N
L, V
B, XY
N, K
T, O
N, Q
B, XX
K, H
V, L
K, P
B, XX
D, XX
L, S
C, XX
Y, S
D, XX
L, E
P, S
F, L
G, R
X, U
S, D
C, XX
J, N
J, U
N, Y
J, J
T, X
O, R
D, XX
E, XX
K, I
T, L
Q, D
D, XX
Q, G
L, W
O, A
W, G
P, M
K, C
P, G
O, Q
O, V
B, YX
Q, A
W, R
V, H
X, B
K, E
R, P
R, P
U, E
L, P
Y, C
H, J
J, B
L, O
H, D
S, H
N, N
S, P
C, XX
Q, Z
M, R
Y, Z
H, P
I, N
Z, J
D, XX
N, Q
M, E
P, S
Z, A
A, XX
D, XX
U, Z
K, I
O, Q
A, XX
H, U
I, N
I, A
R, I
S, Q
A, YX
I, I
R, X
U, Q
M, Q
X, N
I, U
K, T
V, H
S, I
N, F
R, U
X, J
Z, H
A, XY
Q, V
O, K
P, W
T, S
I, A
K, M
G, L
Y, F
H, C
U, U
X, L
A, XX
N, E
Y, T
N, U
D, XX
V, Y
R, D
S, L
S, N
A, XY
R, P
C, XX
B, XX
R, I
P, I
X, I
F, H
I, L
D, YX
H, A
Q, N
F, J
I, D
S, H
G, B
P, I
L, D
M, R
C, YY
L, E
P, P
V, S
Q, I
V, S
R, N
Z, T
M, D
V, X
M, L
R, S
M, G
F, W
Q, X
K, S
R, U
W, L
A, XX
J, L
E, XX
P, D
C, XX
U, I
Q, U
N, K
K, Q
O, Z
J, I
V, P
U, L
U, O
G, R
C, XY
O, M
P, M
O, V
E, XY
B, YX
V, U
J, M
R, C
V, X
X, Q
A, YX
D, XX
K, P
F, R
I, O
X, H
Y, L
Z, I
C, YY
Z, K
D, XX
J, O
B, XX
V, J
W, W
G, S
K, I
J, J
O, R
M, E
J, Y
V, E
Z, R
D, YY
A, XX
M, L
Z, C
Q, K
L, U
P, L
E, XX
O, L
J, E
P, P
W, G
N, K
O, J
Z, O
S, C
M, R
D, XX
Z, Z
U, M
C, XX
C, XX
T, Y
C, XX
U, I
B, XX
U, M
N, M
T, K
Y, U
H, A
X, T
S, O
B, XX
E, YY
Z, V
Q, H
C, XX
W, H
D, XX
W, A
C, YX
P, D
L, V
G, S
M, U
W, I
C, YX
Y, E
M, Z
U, G
L, Q
F, T
I, Q
T, D
E, XX
H, T
T, N
J, S
M, D
W, A
Y, L
R, Z
R, B
X, Q
Y, L
X, W
I, G
C, XX
K, U
T, T
P, F
I, R
E, XX
R, V
A, YY
C, XX
F, H
F, A
C, XY
R, V
Y, Q
S, D
W, D
R, X
O, Z
X, S
G, M
Y, Q
X, H
L, X
U, I
E, YY
U, J
I, B
Y, G
L, M
Y, P
E, XX
D, XX
F, Q
X, S
C, YY
O, G
L, X
D, XX
Y, R
G, S
X, O
N, Y
M, L
V, U
U, O
A, XY
V, M
O, Y
J, R
K, Q
Y, C
N, Y
C, XX
T, Q
E, YY
J, E
S, X
Q, J
C, XX
T, D
F, S
P, M
B, XX
I, N
V, L
Z, A
B, XX
B, YX
U, R
L, R
W, D
P, Y
A, YX
Q, M
X, B
S, D
E, YY
H, U
L, E
P, V
C, XX
U, F
U, L
V, Z
R, I
Z, O
D, XX
U, T
P, I
D, YX
K, S
O, L
Y, B
C, XX
P, U
A, XX
A, YX
C, XX
X, K
U, U
S, F
Q, N
K, Y
P, A
E, XX
Y, Q
U, J
A, XX
D, XX
C, XX
T, O
F, U
R, H
F, U
R, Z
M, E
R, B
Q, H
L, I
U, T
B, XX
Y, E
U, M
D, XX
S, P
I, F
R, I
U, I
C, XX
W, J
F, M
M, X
D, XY
L, K
D, XX
Q, Z
F, D
R, B
D, XX
L, E
I, X
P, U
Q, P
E, XY
W, C
W, M
Z, P
V, H
S, T
G, I
P, X
P, D
O, A
Z, B
M, T
A, XX
M, U
V, L
G, O
A, XX
Y, D
H, Q
C, XX
H, S
W, T
A, XX
U, W
K, U
J, M
Q, W
B, XX
I, A
L, H
Y, O
U, U
C, XX
T, B
Y, R
X, C
J, Q
J, E
O, B
S, F
Z, G
C, XX
Y, P
Y, F
T, F
J, G
R, H
B, XX
M, N
D, XX
R, N
H, Q
U, Y
V, Y
B, XX
L, C
X, H
Y, C
H, S
M, W
N, Q
H, Z
O, D
J, L
Q, H
B, XX
G, Y
Q, K
I, Q
I, P
S, V
L, H
D, XX
E, XX
M, Z
U, B
J, L
E, XY
S, H
Z, V
S, R
D, XX
B, XX
D, XX
E, XX
A, XX
I, J
O, E
H, X
K, M
D, XX
I, A
T, Z
I, S
M, H
Y, Z
O, D
O, X
L, R
T, X
D, XX
I, K
V, L
C, YY
Q, P
F, Y
H, A
N, L
R, C
N, F
I, P
Y, X
J, D
W, J
J, H
J, Z
W, C
S, L
Z, U
H, U
Z, L
X, D
P, C
F, M
W, Z
B, XY
T, C
K, X
K, O
S, T
D, YX
J, O
B, XX
V, H
O, M
A, YY
G, Y
V, M
Q, X
K, M
R, G
D, XX
Z, B
T, P
O, W
Q, M
S, D
N, O
V, E
B, XX
W, D
E, XX
K, X
J, H
N, Y
N, T
E, YY
T, O
W, V
R, H
R, R
C, XX
V, A
N, J
M, I
X, C
E, XX
E, XX
P, V
N, N
O, T
C, XX
B, XX
Y, M
I, J
V, X
P, T
I, S
A, XX
F, W
D, XX
D, YX
C, XX
U, C
U, T
B, YX
U, N
B, YX
G, B
R, T
U, X
F, X
E, XX
C, XX
Y, Y
J, E
N, S
G, O
C, XX
A, XX
E, XX
X, N
Z, C
F, N
S, J
P, L
Y, E
J, J
F, F
C, XY
D, YX
D, XX
S, O
B, XX
D, XX
P, I
Z, L
O, H
W, E
B, XX
M, R
E, XY
M, C
L, R
C, YX
K, P
C, XY
Z, B
Z, I
P, Z
D, XX
S, H
S, P
H, U
Q, K
M, P
K, M
H, T
C, XX
M, Q
D, YY
B, YY
R, Z
J, R
D, XX
C, YY
T, T
U, F
R, M
G, I
W, O
Y, A
L, X
J, I
J, L
A, XX
W, H
S, M
D, XX
M, C
R, R
R, O
M, W
N, K
M, Z
Q, J
Z, I
A, YY
V, J
T, A
X, I
C, XX
J, J
R, G
Q, P
X, B
H, I
A, XX
L, W
O, X
G, S
P, Z
J, K
O, V
C, XX
I, N
T, I
P, J
L, M
W, U
V, N
H, B
Z, K
F, T
C, XX
C, XX
B, XX
M, F
U, Q
H, U
L, O
F, K
Q, L
T, E
A, XX
W, O
F, Z
T, M
Y, N
P, T
L, O
Q, N
J, D
D, XX
H, L
I, V
B, XX
K, V
Q, G
P, K
C, YX
G, V
M, O
L, Q
A, YX
D, XX
U, R
E, XX
Z, M
A, XX
C, XX
W, X
K, J
R, C
Y, S
D, YX
T, Y
N, V
Y, Y
G, W
G, D
U, I
P, K
T, G
K, D
E, XY
L, G
P, M
J, Y
I, L
R, Z
W, Y
J, S
V, A
Z, P
V, R
Y, R
U, G
O, I
Y, J
V, D
W, W
K, X
K, Z
G, C
V, G
F, X
X, Q
W, T
K, A
W, V
Y, M
K, V
S, W
V, V
S, N
J, P
V, T
L, A
B, XX
Q, U
D, XX
Q, I
C, YX
N, Z
V, T
W, R
U, I
M, T
G, R
V, U
F, K
E, XX
Y, W
F, Y
Y, Q
Q, X
Z, F
S, E
K, L
G, C
J, Y
D, XX
L, X
L, R
D, XX
E, XX
U, H
M, D
W, P
Z, H
R, K
K, D
H, G
Q, X
J, R
L, A
D, XX
S, R
S, S
T, G
C, YY
I, G
X, Z
Y, Z
P, T
B, XX
Q, H
K, J
Z, O
P, G
N, Y
W, D
I, N
D, YX
B, YX
W, V
T, Y
H, W
P, T
G, I
X, I
Z, T
D, XX
R, U
B, YX
F, A
G, S
L, Z
Y, B
J, S
M, M
V, W
D, YY
W, E
E, XX
H, X
P, P
Z, N
O, K
B, XX
R, X
A, XX
R, K
P, Y
V, D
C, XX
R, L
Y, P
A, XY
R, Y
I, T
T, Y
O, F
B, XX
I, B
B, XY
J, K
E, XY
W, C
W, E
U, H
T, R
D, XX
L, U
I, R
D, XX
V, N
M, X
M, O
K, T
V, P
L, L
B, XX
M, F
R, E
M, Q
N, H
L, X
M, D
D, XY
V, N
H, B
B, YY
C, XX
C, XX
O, G
G, C
N, C
R, E
E, XX
C, XX
H, P
L, R
Q, G
Z, W
E, YX
T, P
W, C
N, A
D, YX
M, R
W, Z
P, M
Q, Z
J, R
R, K
H, D
A, YX
A, XY
W, F
Q, Q
L, Q
U, E
H, M
M, A
E, YX
S, Z
M, W
P, F
O, V
B, YY
Q, S
Z, W
T, P
O, H
M, M
P, P
R, V
M, S
N, K
I, B
X, K
M, M
Y, J
S, A
H, E
I, G
F, X
I, P
V, R
D, XX
S, Y
V, R
T, U
U, V
Q, H
T, R
D, YX
P, C
K, Z
H, F
B, YY
W, J
E, XX
X, A
B, XX
Q, D
F, G
I, J
B, XX
G, D
R, N
R, S
Y, L
L, V
C, YX
P, U
Y, V
B, YX
Q, W
X, E
H, L
N, T
C, XX
I, D
W, L
K, T
G, V
I, N
C, XX
T, J
R, D
T, K
F, U
K, K
L, W
U, J
A, YX
A, XX
Y, C
I, Z
E, YY
T, R
Q, X
B, XX
S, R
N, H
K, R
O, H
T, X
A, XX
N, X
S, L
F, O
U, Q
S, X
U, K
F, H
A, XX
S, T
D, XY
H, C
O, N
T, E
A, XX
P, G
U, S
Z, C
B, XX
Q, J
B, XX
D, XX
T, L
Z, U
Z, O
X, Q
N, P
J, H
U, S
R, S
N, G
I, P
V, J
C, XX
V, C
B, XX
M, L
J, N
P, N
K, G
M, L
L, Y
M, Z
V, D
D, XX
D, XX
W, D
F, M
T, Y
J, Y
P, K
D, XX
B, YX
J, Z
H, M
U, D
P, B
X, X
F, V
M, D
J, W
K, O
O, X
U, M
S, P
T, N
L, L
L, W
I, U
R, K
G, K
O, Y
X, T
Q, W
S, O
U, S
O, D
O, F
Q, O
B, XX
E, XX
X, D
Y, E
A, XX
G, S
X, L
U, P
K, B
W, A
L, K
W, I
G, C
C, YX
D, XX
C, XX
K, E
P, I
A, YY
K, I
K, I
J, V
D, XX
T, P
M, T
K, C
B, XX
K, M
K, G
X, G
Z, R
G, O
U, H
K, C
Q, F
Z, J
Z, U
N, L
X, L
A, XX
V, H
Z, A
Y, M
P, V
J, J
Q, P
N, B
T, O
H, K
D, YX
O, H
L, P
Y, I
R, I
G, T
L, G
Z, I
L, P
A, XX
Q, A
M, X
R, K
X, S
T, N
U, Q
C, YY
V, R
R, J
V, V
J, E
T, S
A, XX
Y, L
F, A
H, X
J, C
P, H
S, G
M, J
H, X
S, F
F, V
K, W
O, M
O, R
O, R
O, B
D, YY
G, O
F, N
U, E
R, Z
S, N
G, O
L, Y
Q, Y
B, XY
L, Z
H, R
M, J
T, W
F, H
K, L
A, YX
C, XX
A, XX
Z, L
B, XX
E, XX
Q, C
M, V
P, Q
I, G
C, XX
I, B
I, U
Y, U
Q, T
Q, P
C, YY
A, XX
W, B
D, XY
L, H
Q, B
R, O
H, J
C, XX
G, P
R, A
J, U
W, Q
I, Y
U, L
I, F
C, XX
B, XX
F, O
Q, G
K, S
L, G
U, B
I, L
Y, T
I, X
U, D
I, I
J, A
P, R
B, XX
V, W
K, F
F, X
U, I
R, S
Z, P
I, P
Z, Q
K, E
L, U
B, XX
A, XX
F, Q
G, T
Y, I
T, F
E, XY
J, B
A, YX
H, F
P, T
B, YY
F, E
X, S
I, O
E, YY
V, X
A, XX
J, U
C, XY
H, G
V, R
Y, Z
Z, W
W, B
D, XY
U, E
J, J
P, Z
G, B
Q, E
N, U
I, B
U, W
W, Z
X, F
C, XX
R, B
N, T
Q, N
M, M
I, J
S, S
M, G
K, X
P, A
F, F
W, K
H, X
O, Y
J, O
D, YY
L, J
P, M
Q, L
M, K
U, I
J, E
G, Q
J, C
V, N
Q, U
Y, C
B, YY
F, F
I, H
V, R
H, S
Z, Z
T, T
X, A
H, V
U, K
K, P
R, M
N, T
D, XX
F, T
M, N
U, T
S, L
U, I
E, XX
S, F
L, O
J, P
D, XY
A, XX
V, I
K, R
K, U
N, I
A, XX
X, D
Y, I
Q, P
P, W
Z, F
K, N
E, YX
O, L
X, C
C, XX
A, XX
M, E
B, XY
H, G
R, B
B, XX
E, XX
K, E
C, XX
M, B
Y, W
D, XX
L, S
M, P
Y, P
N, R
H, A
D, YY
K, U
N, X
W, L
O, T
H, W
L, S
S, H
P, V
E, XX
X, T
L, X
E, XX
K, Y
G, W
H, Q
H, X
S, S
F, M
Z, O
Z, B
C, XX
I, L
G, N
M, B
S, T
J, T
W, K
A, YX
X, I
T, M
B, XX
G, Y
D, XX
V, E
A, YX
H, N
K, C
T, R
D, XX
F, A
R, F
S, V
V, Q
S, X
K, I
B, YY
U, T
Y, J
G, C
K, Z
I, E
R, F
W, U
V, E
E, XX
C, XX
O, E
F, O
Y, D
F, J
E, XX
I, K
L, B
V, Q
J, B
F, H
P, Z
C, XX
Z, W
E, XY
P, Z
S, R
Z, S
I, Q
W, I
W, M
I, P
P, J
Q, G
P, Z
G, Q
X, I
T, T
Q, B
J, H
D, XX
A, XY
P, Y
T, I
H, Q
T, N
Z, Q
H, A
W, I
G, O
X, R
G, R
S, P
J, I
L, A
W, B
F, Q
D, XX
C, XX
V, Y
G, C
S, I
S, G
E, XX
H, L
Q, H
U, C
Z, K
E, XX
N, T
T, V
U, A
J, W
T, X
P, D
S, G
M, L
J, P
B, YX
M, E
E, YY
N, S
M, Y
Y, Z
J, M
Q, P
K, B
X, K
O, F
L, G
X, S
N, M
R, S
Q, Y
T, G
A, XX
Q, R
S, Q
G, L
R, G
P, Y
V, A
U, Q
X, K
P, X
N, E
K, V
G, H
Z, R
J, I
K, W
S, C
Q, U
I, D
T, Y
K, I
Z, V
A, YY
S, N
R, T
E, XX
S, F
E, XY
L, V
E, YY
E, XX
G, X
K, Q
Q, W
E, XX
J, H
I, P
M, R
C, YY
T, A
P, Z
C, XX
A, XX
Z, T
Y, M
I, L
J, X
Z, V
Y, R
J, B
J, I
C, XX
S, S
X, D
P, W
H, S
V, J
Q, R
M, K
E, XY
Y, V
A, XX
B, XX
I, L
P, K
P, C
L, Y
Y, Z
W, X
T, H
F, D
N, O
W, N
D, XX
H, R
O, W
E, XX
D, XX
G, F
T, R
C, XX
S, E
Y, X
T, F
G, M
X, D
D, XX
S, C
R, W
Y, T
P, Q
J, S
T, J
Q, O
W, V
F, D
C, YY
T, Y
T, D
J, W
Y, O
A, YY
N, W
Z, I
J, R
U, N
P, F
K, N
L, D
Y, V
M, L
P, D
R, U
S, P
I, Z
D, XY
S, M
V, M
S, J
Z, I
V, F
T, V
S, B
W, E
M, K
Z, R
W, Z
O, I
R, Z
T, K
N, H
S, F
W, K
D, XX
P, U
W, S
L, E
D, XX
H, D
F, T
T, A
S, O
R, Z
D, XY
L, V
Y, C
Z, E
B, XY
Q, P
Z, Q
K, A
G, M
R, Y
Q, J
R, U
R, U
W, Q
H, Q
J, D
C, XX
R, N
A, XX
O, H
T, U
E, XX
Q, L
O, C
B, XY
U, E
V, A
O, N
V, M
N, P
S, U
D, XX
Z, X
E, XX
E, XX
U, D
D, XX
E, XX
W, A
Z, N
J, O
K, Y
A, XX
Y, N
U, R
L, P
S, N
Z, J
N, F
C, XX
G, E
H, V
Y, P
F, J
D, XX
B, XX
J, X
K, C
G, L
S, N
B, XX
Z, S
F, J
R, V
P, K
D, XY
L, A
P, C
D, YX
O, B
Q, J
I, H
W, F
A, XX
Z, J
C, XY
E, XX
H, V
M, N
S, W
O, P
X, E
Y, K
I, T
Z, N
P, W
M, D
A, XX
E, YX
J, T
B, XX
Z, S
G, P
S, E
Z, U
N, H
L, Y
W, V
H, W
Y, K
I, C
C, XX
Y, E
B, XX
O, M
W, Z
L, N
T, M
N, Z
X, S
K, Q
X, T
S, S
T, G
T, Y
V, W
N, P
P, Z
R, W
N, F
B, XX
N, Y
K, J
J, C
X, G
O, T
D, XX
H, F
T, O
F, H
Y, Q
V, A
M, Q
M, J
Q, I
J, A
X, E
J, C
M, C
N, D
D, XX
E, XX
F, K
H, L
E, XX
C, XX
V, E
J, L
J, W
F, E
B, XX
T, X
E, YX
M, R
G, K
O, U
S, I
T, W
N, Y
V, K
C, YX
A, YX
N, T
G, R
I, Z
T, L
H, M
T, G
D, XX
G, T
W, Z
G, V
F, S
V, S
N, E
Z, P
Q, F
D, YY
Z, Y
L, Q
C, YY
K, H
Q, G
I, M
N, Q
H, H
H, J
K, I
B, YY
B, XX
F, M
X, C
E, XY
J, H
C, YY
O, W
I, T
J, U
N, J
Q, F
J, X
D, XX
D, XX
X, R
E, XX
Y, B
O, I
S, Z
F, S
B, YX
O, G
W, W
X, Z
X, L
S, X
B, XX
Y, N
A, XX
S, D
B, XX
U, S
T, K
R, W
Z, E
T, J
U, K
H, E
E, XX
S, W
U, L
S, N
H, F
S, O
E, YY
G, B
D, XX
Y, H
U, Q
G, V
N, A
J, P
J, C
S, O
S, K
P, I
B, XX
V, F
Z, E
Z, N
Z, U
U, C
T, J
Q, W
Q, O
V, F
G, P
V, T
E, XX
S, J
X, C
E, YX
W, E
M, S
Q, A
E, YX
K, P
B, YY
G, X
Z, C
N, S
V, P
J, A
V, T
Q, B
G, C
D, XX
A, XY
Y, C
T, I
S, F
M, O
L, E
I, E
B, XX
Q, D
V, C
H, N
V, D
X, A
L, D
R, F
W, K
W, V
C, YX
C, YX
Y, J
Q, D
Y, X
X, P
E, XX
P, R
D, XX
H, V
J, C
X, R
Y, V
S, B
A, XY
D, XX
I, K
S, U
M, B
P, Y
H, C
Z, E
K, I
L, S
K, U
I, U
R, G
K, M
N, N
V, K
P, K
P, S
T, S
G, A
Z, A
O, Y
X, B
J, W
W, V
H, D
W, Z
X, G
V, B
D, XY
S, J
A, XY
J, S
R, B
V, W
A, XX
C, YY
O, V
D, YX
T, T
S, H
K, I
U, S
H, E
W, A
T, N
A, XX
R, W
O, V
X, N
S, L
E, XY
N, Z
D, XX
Q, F
E, XX
O, V
V, M
I, Q
V, E
U, Q
F, C
C, XX
W, A
H, O
B, XX
T, I
O, Q
A, XX
Z, O
O, U
B, XX
Y, A
J, H
K, F
T, S
Z, S
C, XX
T, C
U, D
P, J
P, W
H, D
M, X
C, XX
W, U
R, T
E, XY
N, S
Q, Y
I, U
I, J
W, L
X, U
K, F
P, B
D, XX
M, U
D, XX
O, Z
U, C
C, XX
Y, E
H, J
C, YX
U, G
M, G
W, Q
D, YX
O, B
W, K
W, X
D, XX
V, Y
J, R
N, G
W, R
Q, Q
T, G
V, A
W, H
E, XX
B, XX
M, C
M, Q
X, M
C, XX
X, X
T, F
I, I
Z, M
S, M
H, A
E, XX
Q, I
A, XX
J, Y
J, L
M, B
W, Y
R, H
Q, C
B, XX
H, S
W, N
R, G
V, C
X, I
T, E
J, K
M, R
E, XX
J, S
K, A
U, P
C, XX
Q, I
Z, Y
T, T
I, D
L, D
W, C
Z, K
N, A
L, V
D, XX
Z, C
F, Z
K, O
E, XX
J, Y
Z, O
A, XX
A, XX
N, W
S, Q
L, K
J, O
N, T
C, YX
L, E
P, O
J, V
R, L
H, Q
Y, W
Z, U
C, XX
Q, K
M, T
Y, C
L, P
A, XX
K, F
L, J
F, M
D, XY
X, K
V, S
T, A
J, F
H, W
G, V
U, K
G, X
K, A
D, XX
V, V
P, I
Y, Z
G, Z
F, Q
V, U
P, D
Q, Z
E, XY
N, L
C, XX
N, Q
U, V
Q, G
O, Y
F, C
L, Q
P, A
S, X
C, XX
T, D
L, Q
J, G
X, H
N, G
U, U
U, R
H, Y
Q, Q
P, C
L, P
C, XX
X, C
M, J
V, K
M, A
B, XY
B, XX
J, I
X, V
E, YY
E, XX
P, A
Z, Z
M, P
O, E
T, Y
F, A
A, XX
D, XX
C, XX
I, F
S, Y
G, M
Y, J
O, H
T, M
N, K
F, E
R, X
H, K
P, T
I, U
Y, M
W, L
T, V
Q, P
L, O
J, Q
B, YX
A, XX
P, H
V, Q
Z, J
A, YX
I, U
J, B
R, J
U, D
I, A
I, M
U, X
O, K
P, N
C, XX
P, W
W, B
X, K
T, I
I, F
U, M
Z, K
D, YX
I, J
O, H
Q, W
Z, X
H, V
K, X
X, B
Q, B
C, XX
S, H
T, K
O, I
P, K
S, L
W, Z
D, XX
Q, A
B, YY
C, XX
R, L
E, YX
X, J
X, Z
Y, W
G, U
C, XY
B, XX
P, V
H, E
D, XX
D, XX
T, X
Z, K
L, D
N, P
R, Z
I, T
F, G
H, C
O, W
R, T
F, C
Z, B
A, XX
V, E
C, XX
P, N
W, T
I, L
E, XX
X, F
J, Z
W, N
U, E
H, E
H, W
Q, D
W, T
G, X
E, YY
R, L
G, Y
C, XX
D, XX
N, B
H, C
Q, T
K, H
K, P
N, M
L, R
Q, Y
F, B
A, XX
B, YX
F, Q
S, K
C, XX
W, G
F, U
J, H
P, T
C, XX
S, M
H, X
G, I
B, YX
X, D
A, XX
I, E
G, C
R, W
P, Z
P, M
G, C
V, O
Z, V
N, E
D, YY
H, T
L, T
Z, G
M, J
A, XX
S, X
U, W
X, P
C, XX
S, A
Z, W
R, D
M, G
T, Z
J, T
F, Y
Q, Z
W, R
X, L
Y, N
G, R
X, K
K, Z
I, B
N, I
P, L
L, Z
U, H
Z, M
R, M
D, XY
Q, R
H, H
U, A
B, XX
P, B
H, L
R, A
G, J
H, W
R, T
E, YY
H, Z
F, P
C, XX
M, J
V, Q
K, Z
C, XX
H, I
O, R
I, P
R, F
D, XX
H, C
O, Q
O, J
W, L
D, XX
I, Y
S, M
L, K
K, A
O, Y
K, T
P, H
G, N
D, XX
O, H
T, K
K, A
U, W
L, B
B, XX
Q, I
C, XX
M, I
B, XX
R, T
B, XX
D, XX
M, F
R, W
H, I
Z, A
M, R
C, YY
P, D
C, XX
M, V
L, B
D, XX
Z, V
V, O
V, R
W, Q
L, Q
E, XX
R, E
T, O
M, H
R, Y
M, R
K, S
C, XX
L, A
L, O
A, XX
Q, X
Q, B
X, Z
M, S
H, Z
J, W
N, J
S, K
B, XX
J, S
I, S
U, H
T, H
K, X
Q, J
M, R
O, Y
U, N
D, XX
Y, J
Q, K
B, XX
E, YY
C, XY
M, T
Z, V
T, G
X, E
X, T
K, B
P, C
W, B
T, P
V, Y
I, S
J, Z
O, F
G, L
H, F
E, XX
V, E
P, Q
R, F
V, X
J, K
O, B
E, XX
X, Q
M, V
O, M
J, Q
O, D
B, XX
J, B
C, XX
H, D
F, P
I, F
Y, X
G, S
B, XX
Z, B
O, W
Y, N
K, B
S, C
M, X
G, A
I, G
I, T
D, XX
T, Y
R, W
G, B
Y, X
S, T
A, XY
Y, P
P, C
O, Y
H, B
A, XX
Q, L
H, W
Z, A
B, XX
V, N
W, R
T, O
B, XX
S, L
L, D
L, X
Z, J
F, L
B, XX
P, F
T, X
U, O
Z, A
S, V
B, YX
E, YY
J, R
G, H
P, M
D, YY
G, O
M, T
J, X
F, S
Y, U
H, Q
N, G
S, N
B, XY
S, Q
H, F
D, XY
F, T
F, J
V, D
Z, S
Q, L
C, XX
A, XX
J, V
C, XX
P, M
W, K
B, XX
E, XX
B, XX
O, J
A, XX
X, X
X, V
P, T
I, V
L, L
S, T
B, YX
K, S
R, W
Y, M
O, O
N, E
J, T
Y, D
A, XX
Y, C
G, O
I, K
Q, J
R, U
V, P
D, XX
I, G
E, XX
L, M
Z, M
V, F
B, XY
H, P
I, B
E, XX
H, W
D, XX
D, XX
B, YX
B, XX
W, P
B, XX
B, XX
G, G
R, W
J, S
P, J
C, XX
N, G
I, J
V, K
Q, W
D, XX
U, I
K, Q
M, Z
Q, E
B, XY
X, A
P, V
N, U
N, P
I, F
V, A
S, J
Z, C
C, XY
F, N
O, O
K, T
W, N
B, XX
N, L
G, V
H, G
G, T
J, L
T, D
G, T
W, J
J, N
X, Q
P, L
K, O
V, D
N, U
K, P
D, XX
H, I
C, XX
Z, O
Q, U
X, W
A, YX
G, O
Y, T
D, YY
L, R
Z, D
W, X
X, J
K, O
S, D
X, X
P, Q
Z, B
T, J
L, K
L, V
H, M
D, YX
T, X
Y, C
X, P
J, Q
J, L
N, P
Y, C
H, I
O, X
P, V
L, I
I, E
D, XX
T, Z
F, N
O, Q
C, XX
D, XX
L, X
H, X
Z, T
Y, R
D, XX
V, T
A, XY
Y, O
U, A
V, A
F, Y
O, T
N, V
H, C
S, V
L, L
G, W
Z, T
D, XX
C, XX
S, I
N, H
Q, N
U, S
I, Y
L, Y
U, I
V, R
W, A
Q, A
D, XX
Y, R
G, D
V, T
H, F
W, Y
W, T
A, YY
O, F
E, XX
G, J
P, Q
M, R
E, XX
G, H
M, U
K, J
M, C
C, XX
T, H
Z, I
R, D
M, I
C, XX
S, U
M, U
M, K
G, H
N, X
U, B
U, G
I, K
L, K
X, G
S, I
V, I
K, O
E, XX
Q, Y
P, I
P, A
S, U
C, XX
X, T
O, R
N, J
F, E
N, W
F, U
X, I
F, T
Y, A
A, XY
C, XX
M, E
H, F
U, G
H, D
U, R
D, XX
H, C
B, XX
T, K
A, XX
P, D
T, U
F, P
I, I
N, A
H, F
G, R
M, H
C, XY
O, M
X, N
G, A
M, K
J, O
C, XX
Z, K
G, J
O, Q
I, V
Z, C
E, XX
M, G
D, XX
M, S
O, G
T, G
I, I
D, XX
O, K
A, XX
T, U
O, I
Q, I
S, N
W, Z
C, YX
S, J
T, E
T, E
L, Z
B, XX
E, XX
M, T
O, K
H, L
H, X
R, N
P, J
Q, D
N, F
P, S
N, G
M, Y
Y, S
W, D
N, V
A, XX
D, YY
Z, I
E, XX
N, I
B, XX
E, XX
O, F
Q, Y
H, V
W, P
H, Q
K, G
O, R
C, YX
S, H
G, C
U, P
T, I
U, P
H, U
W, R
M, E
U, Z
C, XX
D, YX
W, I
X, B
N, L
R, I
N, D
O, J
K, M
I, N
N, W
V, Y
Y, V
S, V
O, M
U, R
O, L
J, A
J, M
R, S
F, O
Z, Y
J, E
T, A
L, N
A, XX
C, XX
G, X
P, A
H, M
B, XX
G, Q
Z, V
W, Y
Z, Q
M, M
W, T
U, A
A, XX
D, XX
W, D
K, V
B, XX
B, YY
O, Z
F, P
A, XX
W, I
S, X
P, Y
N, Y
K, V
R, B
V, N
S, C
L, H
F, N
E, XX
V, A
H, J
I, O
S, O
M, D
C, XX
E, XX
Z, T
U, F
J, C
S, G
V, Q
X, E
T, D
B, XX
E, YX
I, F
E, XX
E, XX
S, G
M, P
J, Q
L, Q
V, A
V, K
N, F
S, J
V, U
F, S
N, V
U, C
U, G
M, A
C, XX
E, YX
P, J
J, P
A, XX
Q, W
A, XX
I, Q
C, XY
H, M
E, YY
V, L
O, L
K, V
G, J
I, R
H, Z
W, T
X, N
K, U
Y, K
A, XX
X, X
Z, Y
F, Z
T, D
I, Y
Z, I
T, U
L, E
A, YX
W, H
C, XX
F, C
G, R
V, J
M, I
M, R
S, X
R, V
S, T
C, YX
T, D
U, X
V, S
L, K
B, XX
T, P
F, P
T, J
I, V
P, T
X, Q
D, YX
F, L
I, R
L, H
K, V
A, XY
K, E
R, V
M, C
R, C
W, U
A, XX
O, J
L, M
Y, K
U, H
G, Q
P, U
L, J
M, I
N, J
U, Z
N, J
R, D
I, Y
P, F
V, S
L, B
H, D
M, J
X, R
G, I
H, V
O, E
J, A
I, Q
P, J
A, XX
G, C
C, XX
Q, L
H, Z
R, G
V, V
T, N
L, B
J, D
Z, Q
W, J
Z, C
Y, T
K, A
Y, G
Q, W
V, L
D, YX
G, H
N, W
G, U
J, M
T, L
T, U
H, R
P, X
R, H
K, A
K, D
G, P
Z, I
F, A
I, B
H, S
V, P
Q, I
K, Y
A, XX
J, L
M, T
F, S
R, G
A, XX
Z, Q
O, I
F, Z
J, H
I, R
A, XX
E, XX
L, Z
A, XY
O, M
G, X
D, XX
W, C
F, Z
O, E
E, XX
T, K
K, T
K, P
I, J
C, XX
Y, T
I, N
K, W
M, M
V, L
Y, E
H, N
I, M
E, XY
J, Q
Z, K
Q, Q
D, XX
Z, P
T, Y
I, G
O, M
C, XX
T, W
R, O
W, W
E, XX
W, E
Y, X
I, H
X, F
L, G
P, Z
U, Z
N, C
P, I
X, E
M, Z
A, YY
R, W
Z, W
B, XX
G, S
D, XX
Q, N
A, XX
S, H
K, V
T, J
S, N
Q, L
D, YX
G, V
T, C
E, XX
I, X
U, F
C, XX
B, XX
M, G
G, H
L, U
S, O
P, T
D, XX
F, J
J, H
Y, E
Q, M
L, H
T, S
D, XX
J, Q
A, XX
H, P
G, S
T, Z
K, Q
E, XX
E, XX
I, J
W, M
E, XX
E, XX
A, XY
I, I
F, H
U, U
Q, J
L, X
X, V
V, U
N, F
F, R
K, C
I, B
O, N
T, W
Z, B
O, G
G, T
R, Q
G, R
L, B
P, O
C, YX
V, B
X, N
B, XX
P, P
M, N
U, I
Q, F
D, YY
F, O
F, M
O, P
W, C
X, U
F, U
P, L
A, XX
P, M
E, XX
N, Y
H, W
G, H
O, I
L, Z
Y, M
I, Z
M, E
B, XX
H, Y
L, Q
O, E
U, T
F, N
I, N
C, XX
P, O
E, YX
T, U
W, P
E, XY
Z, Q
U, U
H, Y
M, W
H, D
I, J
T, L
L, K
K, T
K, Z
J, U
Z, T
A, XX
F, S
H, J
I, U
I, O
F, F
N, W
C, XX
I, M
S, M
Z, B
R, R
X, M
H, P
J, C
Q, H
J, Y
C, YX
T, I
U, K
D, YX
H, F
C, XX
O, T
G, N
H, A
U, B
U, S
I, W
X, L
W, E
M, L
I, R
S, G
T, A
D, XX
K, M
B, XX
X, N
A, XX
A, XX
U, U
M, O
Q, T
O, Z
U, N
U, W
C, XY
P, Z
T, T
L, H
L, W
T, Q
B, XX
I, N
S, V
L, A
O, A
V, A
F, L
G, F
R, I
L, R
U, O
J, W
W, D
U, F
E, YY
P, V
U, O
Y, I
I, F
F, H
L, H
Y, F
J, D
X, L
V, J
L, T
T, J
L, K
F, J
V, C
E, XY
S, D
T, D
M, P
T, I
E, XY
U, J
G, C
L, A
U, K
W, J
Y, V
L, W
H, Z
C, XX
K, M
Y, H
Q, I
D, XX
O, D
E, XX
T, B
U, W
R, J
K, E
E, XY
Z, T
V, E
W, C
E, XX
H, Q
X, G
I, U
I, X
A, XX
X, B
J, P
N, E
A, XX
C, XY
C, XX
Z, W
N, D
P, Q
I, M
X, D
R, J
P, S
M, T
W, F
F, D
Y, F
C, YY
K, X
C, XX
E, XX
I, Z
R, N
P, W
T, D
K, R
P, Y
A, XY
K, B
F, E
D, YY
U, E
I, O
M, I
Q, V
P, L
F, Q
O, D
H, T
Y, I
X, G
U, M
O, R
R, I
N, B
J, Q
Z, D
F, L
C, XX
H, W
H, L
Z, C
W, N
K, Y
Z, F
V, F
A, XX
J, P
D, XX
N, U
J, F
Y, N
J, C
E, XX
Q, V
T, D
Y, P
W, H
Y, Y
H, X
Z, X
M, D
Y, A
G, O
I, X
P, Y
B, XX
D, XX
T, U
Y, G
U, Q
K, F
V, B
Z, H
X, D
T, Y
D, XX
R, T
A, YX
I, C
Q, M
R, H
D, XX
L, B
Z, X
I, H
Z, J
X, C
M, P
W, R
U, T
F, C
Z, P
P, J
W, R
V, Z
K, Q
W, H
S, H
G, N
K, V
Z, C
C, XX
G, M
P, R
C, XX
S, O
V, J
N, Y
J, P
P, U
Y, O
D, XX
J, R
X, K
K, T
J, U
W, O
N, Y
V, Q
U, R
A, XX
A, XY
C, XY
U, S
W, G
V, I
Z, G
L, B
L, Z
G, U
F, U
O, I
K, J
V, V
W, I
Q, T
V, F
V, C
S, Q
I, M
E, XX
G, S
J, U
X, T
Y, I
C, XX
X, S
O, T
N, K
S, F
C, XX
W, K
G, S
N, K
X, C
Y, V
X, H
O, C
Z, L
B, XX
R, H
M, V
Z, G
F, Q
F, A
G, A
P, V
K, O
O, K
W, P
Q, X
Z, T
S, Z
U, G
J, X
Y, I
J, Y
D, XX
Z, G
N, D
Z, U
N, M
I, U
P, S
S, Q
O, Z
M, O
B, XX
M, L
Y, E
O, O
B, XX
W, D
R, B
S, O
Y, S
S, M
S, Y
Z, F
L, N
R, I
O, W
Y, D
O, R
I, A
P, S
J, D
Z, P
N, S
T, G
P, T
E, YX
Q, M
D, YY
Y, O
Y, K
K, S
D, XX
C, XX
S, W
M, E
K, F
Z, Q
I, T
N, A
P, Z
B, XX
E, XY
N, A
K, A
X, O
W, Y
E, XX
E, XX
I, W
X, P
O, X
S, W
E, YX
V, A
B, XX
Y, Y
U, I
H, J
E, XX
X, M
P, Z
X, Y
Y, O
K, L
D, XX
I, J
G, V
E, XX
J, X
X, V
X, S
V, C
N, R
I, N
O, N
K, O
F, I
L, F
Y, L
L, C
A, YX
O, P
H, Z
U, U
S, N
B, XY
H, P
X, O
Q, T
N, B
H, E
Z, B
V, W
T, N
E, XX
S, X
C, XY
X, S
B, XX
F, Q
A, XY
F, R
Y, A
G, V
V, Z
Z, V
J, V
B, YX
G, R
W, K
O, W
Q, F
W, T
H, R
K, K
H, X
V, M
P, Q
K, S
L, R
F, Q
C, XY
M, E
I, Y
G, R
Y, K
N, H
O, C
D, XX
W, Y
O, M
D, XY
M, C
F, V
E, XX
U, G
P, L
D, XX
B, XY
T, E
F, I
O, Y
I, Y
X, J
F, Q
K, D
H, B
E, YX
R, L
W, B
G, N
O, D
Z, B
R, K
N, Q
E, XY
J, D
C, XX
J, O
V, T
D, XX
Q, O
B, XX
X, Y
Q, H
Q, L
T, R
P, I
Z, L
X, D
N, J
D, XX
E, XY
Z, W
J, A
U, D
L, S
O, F
K, V
J, Y
K, K
T, L
K, J
I, K
S, F
F, E
F, W
R, Q
X, O
T, K
Q, F
D, YX
Q, H
V, U
Q, B
F, O
E, XX
N, E
L, S
K, R
H, T
O, E
K, U
F, K
M, W
D, XY
I, Y
P, T
W, R
U, C
A, XX
B, XX
I, X
F, D
F, V
J, X
P, V
M, S
H, C
O, X
D, XX
N, Q
E, XX
M, Z
R, X
Z, R
D, XX
T, D
J, J
E, YY
R, V
Y, P
E, XX
Z, Y
O, X
Z, X
B, YX
H, K
D, XY
U, R
Z, I
S, Y
C, XX
U, A
X, K
E, XX
E, XX
N, X
M, X
B, XX
H, L
L, B
T, T
L, C
O, D
Z, Q
T, A
J, X
J, A
R, S
I, U
W, U
K, I
Y, S
O, M
G, X
X, C
R, I
N, C
V, U
C, YY
J, E
U, U
W, A
A, XX
W, Q
E, XX
W, L
W, U
C, YX
S, F
T, C
C, XY
A, XX
G, B
C, XX
N, M
F, Z
P, E
H, R
W, B
E, YY
E, YX
D, XX
Z, S
S, B
E, XX
Z, E
Q, P
P, N
H, L
V, T
N, R
Z, G
T, B
B, XX
T, Q
V, C
T, S
A, XX
C, XX
X, J
R, R
B, XX
V, L
T, M
M, T
I, Z
E, XX
B, XX
M, M
Y, W
Z, M
X, L
D, XX
K, A
D, XX
Z, Q
K, A
U, R
E, XX
E, YY
K, D
I, A
K, H
Y, O
F, M
S, L
Y, E
Z, B
Y, B
I, M
H, G
Y, U
K, A
I, E
Q, R
L, D
D, XX
S, U
W, J
Z, B
L, K
F, I
G, W
I, X
Z, U
O, P
I, F
D, XX
Q, Z
F, P
G, V
M, M
A, XX
C, XX
Q, C
M, P
X, Y
G, L
U, U
H, D
W, B
G, Q
I, V
M, D
H, I
Z, P
N, V
Q, Y
P, D
T, T
F, U
H, U
K, V
A, XX
D, YY
Q, T
C, XX
X, D
Q, O
P, T
C, XX
H, S
L, E
D, XY
D, XX
O, J
I, S
O, Q
Q, K
I, V
A, XX
O, O
W, B
S, D
B, YY
D, XX
Y, G
T, Z
I, K
T, M
O, N
Q, K
E, XX
V, L
C, XY
G, G
Q, O
B, XX
F, B
F, G
D, XX
N, I
T, R
A, XX
M, R
S, O
B, XX
F, P
A, XX
P, J
X, E
F, N
X, T
H, O
N, E
F, P
I, I
G, D
H, A
P, Q
N, K
E, YY
U, T
W, F
O, T
V, R
X, V
J, B
Q, O
W, G
N, I
F, E
I, M
S, S
L, K
T, X
M, P
U, R
Y, C
C, YY
A, YY
A, XX
A, XX
S, Y
C, XX
Q, Z
T, J
H, Q
H, A
D, YX
L, Y
Z, X
D, XX
Y, U
W, Y
E, YX
S, L
X, S
H, A
O, B
R, F
K, J
A, XX
M, E
A, XX
R, Y
W, S
S, F
G, R
Z, E
R, V
Z, B
O, W
O, S
U, S
T, H
C, XX
V, O
J, X
S, O
I, Q
K, P
J, Z
T, D
R, X
R, K
Y, C
G, D
Y, Q
L, O
R, X
I, X
Z, D
I, Q
T, W
O, Z
U, V
K, V
W, Z
O, N
O, G
O, Y
T, R
U, M
I, V
J, Y
N, V
F, J
K, T
C, XX
L, V
X, E
A, XX
N, C
D, YY
Y, G
K, V
O, C
V, A
A, YX
E, XX
B, XX
Y, K
J, K
S, H
K, F
L, P
M, P
B, XX
A, XX
A, XX
W, J
O, C
R, Q
J, Z
M, A
B, XX
X, M
O, C
S, S
X, L
T, G
Z, A
I, U
W, F
K, A
D, XX
U, Y
L, N
M, S
K, Y
Q, B
P, S
M, X
H, E
H, I
C, YX
V, F
M, A
U, U
X, U
B, YX
I, R
V, F
L, S
X, C
D, XX
Y, O
L, J
S, A
N, S
Q, C
M, H
O, K
B, XX
Y, J
K, X
X, W
D, YX
O, R
L, Z
J, G
B, XX
E, XX
O, G
D, YX
S, A
B, XX
C, XX
P, A
W, D
X, W
U, E
M, M
C, XX
Q, O
U, D
D, XX
W, B
N, Z
O, G
T, V
J, F
G, B
L, W
U, A
R, Y
K, P
W, T
D, XX
U, X
Q, T
E, XX
H, U
L, A
B, YY
X, D
Q, J
K, M
U, X
H, N
I, I
Y, N
K, W
R, S
Y, P
R, O
M, C
M, I
N, Q
G, G
H, H
N, I
X, X
O, J
H, V
N, K
G, L
R, T
X, D
U, H
R, J
O, I
U, P
E, XX
W, Q
F, U
V, E
Q, M
G, M
H, O
N, D
P, G
Z, V
Z, A
E, XY
Y, L
Z, P
H, O
F, B
L, Z
P, M
K, D
E, XX
U, B
W, H
O, G
U, Y
R, F
X, O
A, XX
Q, H
L, F
Q, O
G, O
V, D
O, I
F, U
V, F
Q, Y
C, XX
Z, H
M, C
V, F
L, E
E, XX
C, XX
I, P
P, K
F, C
C, XX
L, T
J, P
J, O
H, W
M, U
N, I
M, Q
V, P
J, S
P, S
J, U
F, I
K, G
H, G
P, M
A, XY
G, S
L, U
K, I
J, M
S, X
C, XX
F, J
Z, M
E, XX
Q, P
V, V
Z, J
T, C
X, C
S, B
C, XY
L, H
W, H
X, F
I, N
G, C
B, XX
U, Y
Y, E
O, Y
X, G
V, F
S, B
C, XX
E, YX
M, T
S, D
Y, G
A, XX
T, N
A, XX
B, YX
B, YX
D, XX
V, O
H, G
E, YX
G, Q
T, B
J, A
L, U
R, K
O, K
N, Z
Y, J
P, S
T, T
N, K
N, M
U, F
P, J
H, P
K, J
J, I
F, A
L, Q
D, XX
U, T
Q, H
G, A
F, L
M, M
M, W
M, K
B, XY
X, X
H, B
M, K
Q, L
P, J
N, M
Y, W
M, J
F, X
E, XY
D, XX
H, A
F, N
A, XX
U, L
Q, H
B, XX
D, XX
M, T
A, XX
S, O
B, XY
Y, J
R, L
S, G
D, XY
C, XX
K, B
H, Y
F, O
K, V
D, XX
G, X
A, YY
W, G
M, B
M, Z
Y, M
C, XX
X, Q
Z, W
Y, G
O, X
V, I
R, N
R, V
P, R
U, U
G, V
L, H
Y, H
Z, Z
B, XX
U, G
V, O
V, F
Y, M
D, YY
O, J
T, K
I, C
E, XX
Y, B
I, X
L, V
E, XX
A, XY
D, XX
W, M
Y, P
K, W
H, P
E, YX
I, J
C, YY
U, A
O, M
C, XY
V, Q
Z, A
E, YX
Z, J
R, V
J, O
B, XX
I, B
P, Z
P, V
E, YX
K, Z
C, XX
Q, N
V, H
B, XX
G, Q
S, C
P, R
A, XX
R, S
V, J
N, H
S, K
U, G
Z, I
I, G
D, YX
C, XX
D, YX
L, D
B, XX
R, P
S, L
D, XX
Y, O
P, Y
F, M
A, YX
E, YY
A, XX
G, E
M, R
K, S
I, D
I, Z
K, I
X, O
S, A
U, Y
K, M
Z, D
W, G
P, Y
X, S
K, U
Q, S
U, J
A, XX
V, N
F, I
R, T
N, N
X, Z
P, P
L, Y
U, L
S, O
O, T
B, XX
K, Q
U, M
W, Y
X, P
G, I
P, L
H, Q
B, XX
X, G
G, N
B, XY
L, K
L, Y
U, H
V, O
K, N
Y, U
Q, H
P, B
Z, F
R, H
D, XX
Z, O
I, O
F, R
C, XX
Y, A
D, XX
G, R
R, K
X, F
E, YY
Y, I
O, O
B, XY
W, W
A, XX
U, U
Y, Z
C, XX
D, XX
U, M
D, XX
H, C
U, J
K, E
Y, S
X, Q
Z, T
Z, E
I, N
R, F
Z, T
J, I
K, T
C, XX
V, F
E, XX
U, T
B, XY
F, R
X, M
U, K
Q, F
B, XX
A, XX
Z, Y
Q, K
V, Z
W, C
V, P
O, D
D, XX
Z, S
I, Q
A, XX
I, I
V, H
W, B
H, Z
D, XX
J, D
I, K
B, XX
B, XX
H, A
Z, I
S, W
Y, P
W, J
C, XX
I, X
E, XX
U, G
H, V
O, O
W, V
O, P
R, H
O, H
X, T
B, XY
K, R
G, B
B, XY
P, C
M, M
J, O
G, P
O, U
C, YX
Q, O
W, Q
A, XX
S, E
Y, W
N, Z
A, XX
H, U
U, E
O, B
F, R
F, N
I, K
P, X
H, G
W, D
K, Q
M, Z
K, E
G, D
E, XX
D, XX
D, YY
Z, T
T, R
D, XX
Y, O
Q, S
V, A
C, XX
D, XX
U, W
I, K
R, R
L, F
Q, F
J, W
W, R
M, Y
L, G
L, E
U, V
T, N
F, C
H, H
E, XX
M, T
B, XX
H, F
F, W
V, Z
H, M
L, D
U, Q
J, Z
O, Q
D, XX
J, G
C, XX
N, I
K, B
Y, C
X, G
G, Y
Y, W
O, Y
X, Q
Z, A
Y, I
R, O
O, A
F, C
H, T
G, U
P, Q
R, Y
O, J
J, Q
X, I
W, J
T, N
M, L
O, R
C, XX
G, W
F, K
Z, B
R, Z
L, D
T, F
C, XX
X, K
Z, Q
X, X
C, XY
P, C
G, P
T, Y
G, M
H, E
T, S
Y, M
Z, U
X, C
N, F
O, A
S, Y
T, O
E, XX
Z, O
R, F
V, G
B, YX
V, F
H, B
L, Q
A, XX
S, J
T, T
V, L
R, V
E, XX
E, YY
E, XX
K, C
E, YY
K, L
S, E
S, S
W, N
X, P
Z, P
I, L
V, P
R, F
L, E
V, L
I, P
Y, U
V, F
H, U
M, C
P, U
D, YY
T, N
W, O
K, Q
S, V
B, YX
W, U
G, B
W, O
B, XX
C, XX
C, XX
O, V
B, XX
V, D
U, S
C, YX
L, K
Q, C
T, L
R, Z
I, A
A, YY
R, A
V, A
I, T
V, P
C, YX
Y, C
U, O
J, U
T, P
S, Z
I, R
U, N
H, H
E, XX
D, XX
O, H
N, T
D, XX
H, Q
B, XX
B, XX
A, XX
A, XX
G, I
I, J
N, N
K, O
G, D
H, F
I, R
J, V
U, J
B, XX
Q, B
F, K
W, O
Q, U
A, XX
Q, Y
Y, E
B, XX
B, YX
K, V
D, XX
N, A
Q, G
W, E
Y, M
Y, N
J, T
N, B
G, E
B, XX
Q, H
E, XX
R, S
K, E
G, K
S, J
S, N
F, I
U, C
W, V
H, Z
K, J
T, T
W, B
K, F
R, I
R, H
Y, X
A, YY
J, K
H, H
O, V
N, X
U, T
J, O
N, E
Z, I
Z, M
V, B
R, A
R, B
W, G
X, F
T, J
V, G
I, S
K, F
D, YX
C, XX
N, S
U, O
P, F
P, Q
F, F
K, I
F, W
W, S
Y, X
P, N
T, I
K, M
N, K
O, W
X, A
E, XX
Z, A
C, XX
C, YX
P, Y
G, J
M, S
G, H
Z, D
S, K
A, XX
F, J
U, D
B, XX
B, YX
N, U
H, O
F, K
M, V
P, T
K, E
S, Y
P, N
B, XX
I, K
C, XY
S, W
H, N
K, T
V, Q
U, I
M, K
L, U
B, XX
D, YX
U, A
B, YX
Z, N
F, K
W, C
W, A
E, XX
I, T
C, YX
F, X
J, V
N, E
O, M
W, L
O, X
Q, Z
V, H
Z, D
H, O
U, Z
U, I
G, W
X, T
N, K
F, Q
P, D
C, XX
R, A
V, N
Z, P
B, XX
O, Y
S, L
G, U
K, P
O, Y
K, Q
V, W
R, V
Q, T
T, R
T, W
C, XX
D, XX
P, Q
O, D
O, H
U, X
O, U
W, Y
X, C
V, U
F, U
U, L
O, Y
B, XX
A, XX
E, XX
L, K
X, Q
E, XX
O, Z
F, P
I, R
X, Q
X, N
R, O
A, XX
H, A
I, K
R, Z
X, O
L, A
U, U
K, T
O, D
R, C
O, O
I, Q
Y, F
O, V
C, XX
W, T
U, I
I, Y
D, XX
U, K
D, XX
U, W
H, X
W, V
E, XX
A, XX
N, P
X, K
Z, D
Z, K
F, C
F, P
V, V
A, XY
J, B
Q, C
Q, B
T, B
K, E
Q, F
P, L
K, D
S, F
H, A
M, L
H, E
S, L
D, XX
W, R
P, I
O, C
W, S
V, X
Y, Z
O, Y
B, XX
A, XY
R, G
Z, F
L, C
D, XY
J, Y
F, X
K, M
Y, M
F, Z
X, R
C, YX
J, F
K, V
Z, I
M, O
Z, J
E, XX
X, O
H, P
S, E
P, B
W, H
B, XX
L, H
B, XX
R, V
K, N
Y, X
T, M
N, X
B, XX
Q, W
X, P
V, C
F, N
Z, E
O, T
M, T
P, G
L, V
W, O
W, W
E, XX
I, A
F, T
Y, A
U, P
S, L
R, Z
L, S
K, Y
G, K
U, D
U, J
A, XX
C, XX
E, XX
I, E
Z, R
R, A
I, Z
Y, R
K, D
B, XX
Y, B
O, I
K, L
P, B
P, U
G, L
P, H
O, A
E, XX
A, XX
A, XX
S, R
O, Z
P, R
N, H
D, XX
I, T
N, Q
Q, H
L, O
L, V
X, S
L, J
E, XX
K, K
F, T
R, A
Q, H
U, Z
B, XX
Z, M
N, J
D, XX
X, N
S, E
V, I
O, M
T, U
N, R
A, XX
R, U
J, S
W, R
W, T
K, S
I, L
A, XX
E, XX
E, XX
W, G
E, XX
L, K
D, XX
P, E
G, Y
R, T
W, U
V, F
Y, O
X, O
C, XX
G, R
X, E
T, S
Y, E
Y, K
Z, E
Y, F
S, I
P, R
C, XX
Y, C
S, J
A, XX
N, Y
Y, O
A, XX
M, R
V, F
F, Q
D, XX
N, P
Y, C
M, M
B, XX
S, P
G, A
V, F
H, I
L, I
I, C
S, J
X, V
M, V
N, G
L, W
B, XY
G, W
S, Q
C, XY
U, A
J, L
Q, Y
D, XX
M, B
T, D
M, H
D, XX
N, W
J, E
D, XX
V, V
L, B
I, U
N, U
L, L
H, E
M, I
I, T
R, O
I, P
Z, U
I, S
P, E
D, XY
X, Z
V, L
I, D
W, W
B, XX
J, F
Q, G
Y, D
W, W
V, U
W, B
A, XX
A, XX
Q, O
E, YX
H, W
N, J
P, Z
M, M
W, Z
F, L
Q, L
Y, Q
D, YY
J, N
T, E
J, F
Y, N
U, E
O, V
T, E
B, XX
D, XX
A, XX
C, XX
A, YY
G, G
E, XX
M, A
E, XX
N, C
L, U
X, M
I, T
J, Q
M, J
W, Y
I, Q
N, U
R, L
X, O
S, K
O, E
L, D
M, B
R, F
U, S
Y, R
Z, Y
Y, I
E, XX
O, P
T, W
Y, T
U, R
P, Q
G, O
G, E
Q, S
G, P
X, F
O, I
K, M
Q, T
W, F
V, H
Y, O
G, G
V, U
P, S
E, XX
V, W
L, E
E, YY
B, XX
X, M
N, M
C, XX
X, I
P, O
X, G
D, XX
T, C
U, K
U, W
O, E
W, G
O, P
Y, X
N, N
O, J
F, T
S, J
N, E
Q, K
B, XX
T, Z
T, F
H, H
X, Q
V, W
O, C
B, XX
E, XX
S, X
W, A
D, XX
U, S
P, J
A, XX
M, Q
T, F
P, F
A, XX
M, F
P, C
Z, D
B, YX
D, XX
D, XX
S, L
M, R
B, XX
T, C
C, XX
D, YX
D, XX
L, S
R, Y
T, Y
F, Q
S, A
O, L
I, N
R, L
W, V
U, C
T, H
C, XX
U, R
Q, D
I, A
R, Z
D, XX
D, XX
P, S
J, Z
S, V
B, XX
R, U
F, R
P, D
S, M
A, YY
Z, D
H, L
J, I
J, H
Y, F
A, XY
X, U
A, XY
Y, K
J, E
G, M
B, XX
B, XX
Z, L
W, A
F, D
H, Q
X, I
G, W
V, R
Q, F
S, H
G, D
Q, X
K, M
X, Q
J, X
I, B
L, R
Z, J
L, E
G, M
C, XX
G, L
C, XX
T, U
N, B
A, XY
U, O
C, XX
T, C
E, XX
O, N
V, R
L, D
A, XX
Z, S
M, F
B, XX
G, M
F, C
B, XX
J, N
H, H
U, E
S, A
O, E
N, N
J, L
L, G
A, YX
A, YX
R, W
F, K
V, X
L, G
L, K
V, C
P, N
V, S
M, A
Z, K
L, I
I, P
T, U
B, XX
R, D
G, A
R, P
O, Y
B, XX
T, W
Q, H
A, XX
Z, B
U, B
P, N
V, H
V, V
Y, K
P, Z
Q, Q
F, P
R, V
J, O
H, K
J, C
F, H
B, XX
G, G
E, XX
E, XX
Z, R
P, P
X, Z
L, A
S, X
E, XX
Z, R
A, XX
N, V
O, E
C, YY
E, XX
A, XX
Q, C
Y, Y
Y, U
G, R
T, O
P, X
U, L
D, YX
Z, Z
T, N
Q, Z
Y, N
V, W
Z, Y
X, H
D, XX
L, W
J, N
Y, O
L, N
L, A
E, XX
G, B
M, M
C, XX
V, J
C, XX
C, XX
C, YX
X, R
P, U
P, L
X, D
S, K
Y, R
W, R
B, YY
J, S
G, U
U, L
J, B
X, Q
E, XX
X, R
O, I
J, C
Y, P
W, R
Q, E
Q, X
Y, S
H, P
J, G
G, P
A, XX
I, B
A, XX
C, YX
Z, J
T, V
K, O
D, XX
O, U
F, N
N, N
P, W
D, XX
M, Z
T, L
O, L
Q, B
H, F
V, P
T, S
J, T
P, V
Z, W
S, C
F, S
X, I
Z, B
G, O
C, XX
V, A
E, XY
H, H
D, YX
C, XX
A, YX
H, A
O, K
B, XX
M, X
T, U
D, XX
N, T
Q, O
Y, S
W, M
O, C
C, XX
N, Z
U, V
Q, X
Q, Y
O, Q
N, U
G, Z
K, Q
L, Y
J, I
X, C
I, G
I, R
C, XX
S, R
B, XX
M, J
S, J
S, J
B, YY
R, B
V, N
U, U
F, I
K, S
D, XX
G, J
B, XX
B, XX
Q, H
D, XX
P, E
H, J
J, W
U, T
O, L
M, B
U, G
A, XX
I, L
J, T
I, X
O, U
I, I
F, U
U, A
D, XX
J, U
W, U
W, E
K, S
B, XX
I, P
F, B
S, R
E, YX
E, XX
Z, U
L, W
S, M
K, T
P, K
C, YX
S, C
J, Z
N, Y
N, N
K, B
T, Z
A, XX
N, K
S, Z
D, XX
E, XX
Y, L
U, A
U, L
Z, K
G, E
V, B
S, X
B, XX
F, T
M, F
I, P
K, T
B, XX
Z, Q
J, G
N, I
D, XX
T, N
W, J
T, Y
B, XX
L, H
J, Q
I, D
F, W
C, XY
E, XX
L, U
P, T
Z, R
Q, V
C, XX
U, T
G, H
Q, T
M, A
W, O
J, E
B, XX
S, R
B, XX
P, K
G, B
I, Q
A, XX
U, F
S, N
D, XX
F, W
W, A
W, W
U, T
N, S
K, M
H, X
V, I
E, XX
X, Y
G, L
V, F
N, J
B, XX
F, S
O, A
R, T
U, R
G, P
D, XX
N, R
W, T
U, O
L, P
N, E
X, R
B, XY
I, P
D, XX
H, L
D, XX
A, YY
S, P
T, J
G, G
X, V
Q, P
E, XX
O, C
Z, Z
R, M
K, V
Y, O
Z, N
N, B
P, Y
E, YX
V, A
F, X
A, XX
K, L
C, XY
N, Q
R, O
U, M
K, A
C, XX
J, U
H, X
G, O
Y, Q
Q, C
N, B
M, K
T, W
Q, F
I, W
P, V
U, A
F, U
A, XX
K, E
J, V
Y, Y
P, L
B, YY
R, L
Z, R
K, C
A, XX
X, H
C, YY
V, Z
F, H
V, O
C, XX
X, P
U, M
N, A
U, T
L, O
H, D
N, O
Q, E
P, U
N, O
O, N
Q, D
N, R
Q, U
B, YY
U, L
J, V
O, X
A, XX
D, XY
D, XX
T, J
W, Q
P, V
E, YY
Z, O
A, XY
X, J
D, YY
L, I
I, Y
L, L
S, R
D, XX
P, U
C, XX
V, O
H, P
P, Y
L, E
D, XY
I, P
L, V
W, X
G, T
G, D
V, J
H, M
V, I
U, D
V, D
V, J
V, S
A, XX
B, XX
Y, X
K, Y
L, F
D, XX
M, E
E, XX
I, S
U, A
C, XX
Y, V
E, XX
S, G
D, XX
K, Y
Y, U
J, M
B, XX
O, S
Y, C
O, Z
P, V
X, C
V, C
E, YY
W, T
F, V
U, B
O, F
A, YY
L, I
A, XY
G, S
Z, C
N, U
O, I
H, V
D, XX
M, P
O, W
K, D
G, Y
T, K
T, Y
U, N
D, XX
U, V
C, XY
S, B
G, B
J, O
P, F
E, XX
H, Z
U, S
L, N
W, G
W, D
N, K
H, O
B, XX
F, O
Z, Z
X, Y
N, O
Z, I
F, X
U, Q
W, K
D, YY
I, L
L, H
B, XX
Q, J
J, K
F, E
V, P
O, I
T, C
M, S
S, R
P, X
C, YY
C, XX
Y, C
Z, A
I, H
Y, R
B, XX
E, YY
S, J
G, V
Y, S
C, YX
A, YY
D, XX
I, U
O, W
B, YX
K, V
X, C
C, XX
S, E
W, Z
R, R
G, Q
Q, A
H, Y
M, T
S, V
M, O
Y, S
P, J
A, XX
T, B
A, XX
Y, Q
Z, U
A, XX
P, A
J, Y
W, L
N, S
T, B
O, Q
X, Y
Z, I
P, X
Y, J
T, G
J, O
D, XX
B, YY
Z, O
P, Q
K, L
X, V
B, XX
S, M
B, XX
G, M
G, R
S, Y
R, O
H, P
Z, J
F, A
M, J
W, E
I, F
Q, V
B, XX
J, G
X, E
C, XX
E, YY
E, XY
S, D
U, I
W, B
T, A
B, XX
K, R
J, A
T, O
X, N
G, D
X, C
K, F
D, XY
H, R
Y, Y
L, T
Z, O
Z, L
W, W
C, XX
P, L
E, YY
Y, G
R, W
U, X
D, XX
N, C
M, M
A, XX
A, XX
C, XX
E, XX
O, E
L, Y
C, XX
S, E
J, X
U, N
X, S
R, O
L, U
N, F
J, O
C, XX
I, T
R, M
S, C
O, B
B, XY
I, G
N, V
P, F
O, J
Y, N
P, X
U, H
Y, I
B, YY
N, E
T, E
B, XX
P, N
Q, V
F, R
E, XX
H, M
H, F
D, XX
N, C
K, Y
J, P
F, A
D, XX
A, YY
F, B
Y, S
F, D
S, M
W, D
W, G
S, B
U, D
C, XX
B, XX
F, R
V, I
U, G
V, L
J, X
C, XX
D, YY
A, YX
P, K
W, R
T, M
J, P
W, E
T, N
D, XX
G, V
T, V
B, XX
E, XX
U, F
D, XX
N, J
O, J
V, V
X, L
T, X
J, S
Y, C
N, K
J, H
H, T
G, R
L, L
Z, R
P, E
F, K
A, XX
J, L
D, YX
D, XX
D, XX
D, XX
K, D
V, I
R, S
G, D
R, W
Q, Y
N, M
Z, Y
Q, T
Y, D
G, I
V, C
P, R
G, F
I, G
D, XY
Z, Y
Z, E
J, B
N, F
G, F
V, V
G, C
V, W
N, K
J, S
J, M
S, X
O, G
I, L
P, X
U, G
U, X
Q, Y
J, G
J, M
W, K
Y, P
N, Z
B, XX
H, C
I, J
N, X
O, Y
Y, X
H, C
I, T
P, I
Y, O
K, V
E, XX
G, L
Z, D
J, S
Z, G
K, Y
H, Z
Y, Q
P, G
X, Y
V, H
I, I
S, B
O, F
U, F
Y, R
A, XX
R, D
Y, V
X, D
D, XX
O, C
Y, H
E, XX
Z, H
X, L
X, U
G, V
Q, R
B, XX
Q, E
Q, V
A, XX
U, W
V, F
L, L
P, K
I, E
M, C
X, Q
B, XX
S, V
V, Y
B, XY
J, Q
R, B
A, YX
W, E
D, XX
I, R
Y, D
A, XX
Z, R
D, XY
T, N
Q, C
Z, X
F, F
Q, J
E, XX
E, XX
P, E
S, W
U, I
S, Z
J, X
R, F
G, E
Q, U
L, S
E, XX
P, A
J, M
S, X
V, U
F, F
L, N
Z, M
C, YY
Z, B
E, XX
U, D
N, E
W, J
C, XX
E, YY
Q, Y
Z, F
Z, R
Q, E
C, XX
R, V
L, S
G, W
U, M
I, T
D, XX
Z, F
R, D
Y, X
N, Q
T, H
Z, I
Z, W
O, S
R, R
W, E
Y, K
J, V
Q, Z
F, R
X, G
X, U
M, U
B, XX
N, H
R, M
C, XX
M, I
W, Y
U, Q
I, A
R, F
K, K
B, XX
R, F
V, M
J, B
S, U
B, XX
O, U
Y, R
J, L
S, B
O, X
I, L
A, XY
C, XX
P, F
I, O
J, E
M, A
D, XX
L, E
A, XX
Q, C
S, C
H, Y
O, T
L, Y
K, N
Q, K
O, N
F, E
M, M
C, XX
U, D
Q, R
A, XY
S, Z
N, M
O, J
V, Y
Y, R
X, S
I, C
C, XX
I, E
Y, R
U, Q
E, YX
B, YX
B, XX
U, M
J, Z
O, L
X, M
S, A
K, O
K, I
R, L
K, O
P, Y
X, C
V, K
J, R
A, XX
A, XX
J, S
M, A
T, Z
O, Q
Z, L
C, XX
Q, D
S, F
F, S
P, S
E, XX
E, YX
K, F
H, Z
W, P
X, Q
O, O
I, K
X, K
L, H
I, G
X, Y
T, H
G, B
X, P
K, Y
P, T
G, S
W, H
L, F
W, W
G, N
R, R
O, D
B, XX
K, P
M, Y
Z, R
N, U
N, W
H, G
C, YY
X, O
D, XX
C, XX
B, XX
X, N
F, Q
U, J
M, P
W, D
G, B
H, L
H, Y
D, XX
O, V
D, XX
J, D
C, XX
L, W
W, N
P, E
P, Q
V, Z
O, L
U, X
P, Y
G, J
H, G
I, K
C, XX
O, J
X, H
E, XX
E, XX
D, XX
F, L
E, XX
R, A
G, L
P, N
S, U
K, V
V, A
U, Z
Q, S
X, O
H, T
Y, D
U, C
R, M
X, B
G, Z
H, V
B, XX
U, V
Y, E
V, P
H, K
E, XX
S, T
T, F
D, XY
Q, G
D, YX
K, Z
F, W
F, F
G, M
B, XX
R, L
L, Y
A, XX
D, XX
P, T
I, X
B, XX
J, B
Y, E
G, P
U, V
E, YY
H, X
U, B
O, L
Y, U
V, U
X, A
L, E
E, XX
H, W
B, XX
S, X
G, W
M, U
C, XY
Q, R
I, G
C, XX
P, W
Y, B
J, O
N, X
E, XX
Q, I
W, B
E, XX
U, P
R, K
T, H
G, N
T, Y
M, Q
L, U
B, YX
D, YY
B, XX
Z, B
S, Z
O, U
T, B
X, Z
B, XX
W, M
S, U
Y, P
J, P
Q, G
J, P
T, X
C, YX
E, XY
Y, T
G, O
E, YY
W, D
C, YX
R, R
G, W
J, Y
X, T
A, XX
F, Z
H, L
X, A
N, N
N, P
I, H
A, YX
W, P
J, N
J, P
W, E
R, M
Q, X
K, Q
F, Y
P, I
G, E
X, M
U, E
J, D
K, X
J, C
V, D
R, O
Y, D
H, B
Y, Y
T, F
D, XX
T, S
K, L
M, S
E, XX
V, S
R, Y
B, XX
I, G
N, Q
O, C
F, C
R, T
B, XX
N, W
S, E
V, C
W, C
V, U
J, H
R, W
S, N
W, O
N, Z
H, A
T, C
I, O
B, XX
H, D
V, A
U, E
Y, X
M, Q
M, V
N, U
Y, Q
H, W
T, U
D, XX
D, XX
E, XX
S, L
D, YY
E, XX
B, XX
P, N
U, C
T, Y
X, O
W, W
C, XX
L, V
K, P
Z, H
R, C
E, XX
C, XX
B, XX
K, A
R, E
A, YY
Y, T
O, F
K, W
A, XX
I, E
G, N
G, S
Y, O
E, XX
V, E
U, T
B, XX
N, L
V, T
Y, W
E, XX
X, W
N, X
R, W
F, V
K, T
N, Q
W, Z
X, T
T, E
L, G
O, Z
C, XY
E, XX
U, F
F, P
C, XX
N, Z
J, E
T, S
B, XX
S, T
Y, A
Y, M
K, Q
K, Q
J, P
A, XX
N, C
R, G
U, Q
M, L
K, L
N, C
Z, K
W, Q
O, H
R, E
R, Z
V, D
K, J
Y, K
J, E
W, O
C, XX
F, Q
P, X
E, XX
P, R
Q, A
L, H
D, XX
A, XX
M, T
K, P
Z, B
L, Q
M, O
O, P
H, R
G, J
Q, O
K, B
N, U
U, W
C, XX
H, L
Y, I
K, P
V, C
J, U
N, G
I, U
E, XX
U, W
I, E
V, Z
E, YX
L, K
H, P
B, XX
E, XX
G, N
U, A
W, O
E, XX
B, XX
R, O
G, P
M, V
T, C
J, Z
G, D
Y, U
X, B
F, R
S, T
K, P
W, P
Q, A
Z, J
H, O
T, E
L, O
V, Z
L, O
N, M
S, A
D, XX
K, Q
A, YX
T, L
X, D
G, X
H, Z
D, XX
B, XX
R, Y
O, Y
V, J
H, B
D, XX
D, XY
P, L
M, I
L, E
Y, E
P, I
F, Q
R, L
A, XX
M, K
O, R
I, P
P, I
C, XX
G, F
A, XX
Z, H
S, F
E, XX
X, B
T, K
R, Y
Y, B
S, M
Y, Q
Q, M
E, XX
N, O
G, J
I, R
O, E
P, H
R, J
S, I
K, Z
I, J
C, YY
I, B
W, B
I, C
L, H
M, T
Q, J
D, XX
N, T
T, C
U, L
J, H
U, O
F, H
X, F
I, M
N, F
D, XX
C, XX
R, G
Q, X
Z, L
A, XX
N, E
X, B
U, M
M, A
V, L
I, B
E, XX
H, I
R, Y
S, M
U, N
C, XX
C, XX
M, H
W, M
T, L
J, E
V, P
B, XX
F, K
P, O
X, Q
L, Z
I, P
O, U
R, C
N, O
M, P
N, G
Y, S
E, XX
O, K
N, X
E, XX
H, Y
U, H
T, X
R, S
P, L
O, W
V, X
I, S
J, N
Y, T
V, B
D, XX
P, T
P, X
V, V
V, H
O, Q
X, L
C, YY
I, P
H, Z
Y, V
U, U
F, M
W, N
K, N
C, XX
Q, F
N, T
W, C
C, XX
Z, M
O, H
X, O
X, A
U, R
W, V
O, V
V, L
P, J
D, XX
Y, P
F, U
C, XX
I, N
T, T
M, T
T, R
F, R
A, XX
D, XX
P, A
Y, N
W, Z
H, Q
I, D
S, B
B, XX
V, U
W, S
B, XX
W, H
S, F
B, XX
S, U
M, J
K, X
C, XX
N, P
O, F
G, Q
S, Q
O, Z
Z, V
L, J
Y, L
G, Q
W, V
G, M
E, XX
W, C
H, K
R, B
D, XX
G, M
L, W
O, K
T, J
A, XY
H, N
J, G
B, XX
K, A
C, XY
M, Y
Q, F
N, V
X, K
G, Z
Z, A
R, O
D, XY
A, YX
K, K
Y, N
C, XX
R, L
N, P
P, U
Y, O
O, B
M, G
T, X
W, Q
R, A
E, XX
T, H
P, L
H, I
Y, C
S, V
T, N
X, D
M, L
X, A
Z, U
Y, Z
U, T
V, V
U, T
A, XX
F, N
N, B
M, O
L, T
Z, F
G, K
T, L
V, C
S, P
Q, C
Y, F
V, W
Z, E
D, YX
G, E
B, XX
R, E
W, X
P, S
J, M
A, XX
B, YY
R, R
V, H
O, E
J, U
V, Q
B, XX
Q, C
Q, D
T, O
M, P
T, M
T, Z
W, O
F, E
C, XX
H, D
H, G
X, Q
F, K
C, XX
B, YX
J, L
R, F
M, D
K, S
E, XY
D, YY
P, U
G, X
K, D
O, F
Y, P
A, XX
P, A
C, XX
I, U
Z, A
L, P
C, XX
A, XX
E, YX
O, J
B, XX
W, R
M, E
A, XX
I, X
U, T
U, Z
C, YX
V, Z
M, A
G, G
B, XY
V, T
H, U
X, E
D, XX
A, XX
F, P
T, D
T, Y
S, P
H, V
U, M
E, XX
F, E
Q, J
C, XY
M, C
M, V
S, A
Z, D
Y, V
J, O
C, YY
C, XX
C, XY
N, X
C, XX
O, K
T, H
P, N
K, M
L, W
Z, R
D, XX
Z, X
N, H
L, A
T, L
R, Z
Z, C
A, XX
W, D
L, B
K, T
T, Y
T, Y
F, P
S, D
F, I
F, O
N, H
Y, B
E, XX
Z, K
H, E
S, A
B, YX
T, M
Y, D
A, XY
A, XX
F, B
A, XX
G, H
S, K
G, C
A, XX
O, U
Z, D
D, XX
A, XY
W, J
T, Q
V, D
M, Y
T, P
N, U
S, T
Q, K
O, T
H, Z
Y, Y
W, O
M, G
G, B
X, V
Z, N
R, G
D, YY
V, Y
C, YY
W, I
R, O
J, G
N, T
Z, I
Z, E
G, W
A, XX
I, G
K, A
I, Y
P, G
P, S
W, L
D, YY
B, YX
W, S
V, S
O, C
N, X
Q, N
P, T
Z, D
X, D
N, N
B, XX
I, D
F, X
Q, F
I, Y
F, Z
A, XX
E, YY
U, Y
O, I
O, R
Y, Q
U, Z
I, A
R, X
C, YY
M, E
B, XX
A, YY
O, N
L, A
S, T
E, XY
D, XX
Y, L
J, D
R, G
N, J
M, L
T, F
V, X
X, T
I, S
Z, H
E, YX
L, Z
W, H
V, A
Q, I
A, XX
T, Q
F, T
M, D
G, O
K, M
K, E
Y, T
T, D
L, Y
K, Z
N, W
S, K
J, S
K, D
D, XY
Y, Q
L, Z
W, L
W, H
Q, M
V, R
P, Q
J, A
Z, C
N, N
M, H
D, XX
W, V
H, H
K, T
J, D
C, YY
U, L
G, T
J, J
O, E
Z, R
H, H
V, T
C, XX
M, F
O, N
M, A
R, G
F, R
U, N
W, U
S, N
H, U
N, Z
K, W
A, XX
V, Z
E, YX
W, I
R, H
U, E
W, D
K, I
T, N
A, XY
M, C
S, W
K, Z
F, B
S, C
L, V
Q, X
B, YY
H, Y
F, X
M, D
C, XX
T, P
M, Q
K, U
C, XX
K, Y
T, Y
R, Q
T, B
N, C
Q, V
Q, V
I, J
A, YX
F, L
F, N
S, A
X, O
R, V
N, A
D, XX
T, S
M, Y
C, YY
R, C
Q, Z
E, XX
R, W
P, Z
G, M
D, YX
I, F
L, K
W, X
A, XX
O, R
S, J
J, W
N, A
Q, R
H, U
D, XX
Z, E
V, K
A, XY
P, T
O, W
G, R
A, XX
R, J
L, R
G, W
X, J
T, W
D, XX
T, V
X, V
K, A
Y, F
J, Z
Y, Q
T, X
E, XX
S, S
Q, W
P, H
W, N
F, A
X, T
P, V
V, I
F, D
J, B
M, J
U, O
K, H
S, G
R, Y
W, G
O, C
I, V
W, H
M, G
Z, M
V, P
L, Y
I, G
I, T
X, C
O, B
L, M
U, D
P, T
M, C
J, E
W, Q
T, V
M, F
J, D
U, L
T, Z
U, K
M, D
J, L
A, XX
V, M
J, U
T, M
Z, T
M, S
F, M
H, F
A, YX
L, V
V, N
I, L
E, YY
O, I
U, K
N, Z
X, E
N, H
B, XX
G, A
Q, J
F, M
B, XX
F, I
S, Z
K, K
D, XX
F, N
S, V
P, K
R, A
G, X
N, K
R, E
S, U
U, G
J, A
N, V
U, M
P, T
Y, I
W, L
G, A
E, XX
I, L
T, N
W, M